a0,r,rho,pressure_r,pressure_t,anisotropy
0.039999999999999994,1e-05,0.000800000000058653,-0.0002666666666613466,-0.0002666666666613182,2.8406096919120216e-17
0.039999999999999994,1.047471957729e-05,0.0008000000000638396,-0.0002666666666612991,-0.0002666666666603065,9.926412990191036e-16
0.039999999999999994,1.1044912933751135e-05,0.0008000000000703874,-0.00026666666666113736,-0.00026666666665908014,2.0572194121826204e-15
0.039999999999999994,1.1569236573662653e-05,0.0008000000000767144,-0.0002666666666609037,-0.00026666666665793354,2.9701718515240394e-15
0.039999999999999994,1.2199010171414309e-05,0.0008000000000847019,-0.0002666666666605341,-0.00026666666665652364,4.010463836023881e-15
0.039999999999999994,1.2778121066607328e-05,0.0008000000000924206,-0.00026666666666011935,-0.00026666666665518997,4.92937938731397e-15
0.039999999999999994,1.347370052212158e-05,0.0008000000001021645,-0.00026666666665954016,-0.00026666666665353406,6.006100564809325e-15
0.039999999999999994,1.4113323463760912e-05,0.0008000000001115804,-0.000266666666658938,-0.00026666666665195525,6.982749881784267e-15
0.039999999999999994,1.4881584916227004e-05,0.000800000000123467,-0.0002666666666581363,-0.0002666666666499828,8.153471387634115e-15
0.039999999999999994,1.5588042886310657e-05,0.0008000000001349533,-0.00026666666665733,-0.00026666666664809256,9.237456719685122e-15
0.039999999999999994,1.6436580971595142e-05,0.0008000000001494541,-0.00026666666665628165,-0.0002666666666457217,1.055996652968294e-14
0.039999999999999994,1.7216857648687992e-05,0.0008000000001634663,-0.0002666666666552451,-0.0002666666666434422,1.1802895900220323e-14
0.039999999999999994,1.8154060575981896e-05,0.0008000000001811556,-0.00026666666665391364,-0.00026666666664057617,1.3337475655156306e-14
0.039999999999999994,1.9015869372254613e-05,0.000800000000198249,-0.0002666666666526098,-0.0002666666666378152,1.47945891648682e-14
0.039999999999999994,2.005100184557644e-05,0.0008000000002198281,-0.00026666666665094645,-0.0002666666666343384,1.6608025718567454e-14
0.039999999999999994,2.1002862157613703e-05,0.0008000000002406806,-0.0002666666666493269,-0.0002666666666309848,1.834209867324077e-14
0.039999999999999994,2.214615696188751e-05,0.0008000000002670052,-0.00026666666664726944,-0.00026666666662675774,2.0511695640601513e-14
0.039999999999999994,2.3197478389041985e-05,0.0008000000002924432,-0.00026666666664527125,-0.00026666666662267794,2.2593309601665057e-14
0.039999999999999994,2.446023754612341e-05,0.0008000000003245563,-0.00026666666664274,-0.00026666666661753194,2.5208079981048348e-14
0.039999999999999994,2.5621412908954276e-05,0.0008000000003555881,-0.00026666666664028685,-0.00026666666661256277,2.772407954251821e-14
0.039999999999999994,2.7016119403580353e-05,0.0008000000003947631,-0.000266666666637183,-0.0002666666666062932,3.088978725585001e-14
0.039999999999999994,2.8298627481908734e-05,0.0008000000004326189,-0.00026666666663417834,-0.0002666666666002375,3.394084058944147e-14
0.039999999999999994,2.983906866203702e-05,0.0008000000004804086,-0.0002666666666303799,-0.0002666666665925951,3.7784770971771575e-14
0.039999999999999994,3.1255587668233905e-05,0.0008000000005265886,-0.0002666666666267056,-0.0002666666665852119,4.149366397351861e-14
0.039999999999999994,3.295699153964209e-05,0.0008000000005848871,-0.00026666666662206336,-0.00026666666657589337,4.6169990573774466e-14
0.039999999999999994,3.4751011655043805e-05,0.0008000000006497056,-0.00026666666661689833,-0.00026666666656553447,5.1363861081066275e-14
0.039999999999999994,3.6400710211371955e-05,0.000800000000712341,-0.0002666666666119048,-0.0002666666665555256,5.6379217700658346e-14
0.039999999999999994,3.8382189808972975e-05,0.0008000000007914132,-0.0002666666666055989,-0.00026666666654289145,6.270743473091311e-14
0.039999999999999994,4.020426750113091e-05,0.000800000000867822,-0.00026666666659950274,-0.00026666666653068377,6.881897395699665e-14
0.039999999999999994,4.2392794464681653e-05,0.000800000000964282,-0.0002666666665918057,-0.0002666666665152734,7.653231347271028e-14
0.039999999999999994,4.4405263411523204e-05,0.0008000000010574933,-0.00026666666658436614,-0.0002666666665003827,8.398343869300828e-14
0.039999999999999994,4.682247238808159e-05,0.0008000000011751651,-0.00026666666657497353,-0.00026666666648158524,9.338829622812517e-14
0.039999999999999994,4.904522681805586e-05,0.0008000000012888735,-0.00026666666656589583,-0.0002666666664634211,1.0247472358518306e-13
0.039999999999999994,5.1715013086932764e-05,0.0008000000014324212,-0.0002666666665544351,-0.0002666666664404911,1.139440104769296e-13
0.039999999999999994,5.417002600215032e-05,0.0008000000015711351,-0.0002666666665433598,-0.00026666666641833386,1.2502596614255568e-13
0.039999999999999994,5.71187816912974e-05,0.0008000000017462487,-0.00026666666652937747,-0.0002666666663903622,1.3901526414381027e-13
0.039999999999999994,5.9830322081278526e-05,0.0008000000019154655,-0.0002666666665158652,-0.000266666666363333,1.5253222946862155e-13
0.039999999999999994,6.308719706623182e-05,0.000800000002129087,-0.00026666666649880665,-0.0002666666663292112,1.6959545746930704e-13
0.039999999999999994,6.608206981860106e-05,0.0008000000023355146,-0.00026666666648232233,-0.0002666666662962386,1.8608373305792347e-13
0.039999999999999994,6.967925988309304e-05,0.0008000000025961118,-0.0002666666664615117,-0.00026666666625461375,2.0689797531475707e-13
0.039999999999999994,7.298707076285124e-05,0.0008000000028479332,-0.00026666666644140156,-0.00026666666621439093,2.270106303457753e-13
0.039999999999999994,7.696013586969808e-05,0.0008000000031658358,-0.00026666666641601383,-0.0002666666661636132,2.524006394513667e-13
0.039999999999999994,8.061358418652248e-05,0.0008000000034730332,-0.0002666666663914813,-0.0002666666661145455,2.769358093540619e-13
0.039999999999999994,8.500180000504746e-05,0.0008000000038608432,-0.0002666666663605103,-0.00026666666605260195,3.079083754457812e-13
0.039999999999999994,8.903700186177581e-05,0.0008000000042355931,-0.0002666666663305824,-0.0002666666659927444,3.3783799325767805e-13
0.039999999999999994,9.388374802678759e-05,0.0008000000047086827,-0.00026666666629280054,-0.0002666666659171794,3.756211379261909e-13
0.039999999999999994,9.834059334455514e-05,0.0008000000051658406,-0.00026666666625629095,-0.00026666666584415936,4.1213159187453163e-13
0.039999999999999994,0.00010369378228500988,0.0008000000057429633,-0.00026666666621020087,-0.0002666666657519777,4.582231946312354e-13
0.039999999999999994,0.000108616329134404,0.0008000000063006505,-0.0002666666661656626,-0.00026666666566290044,5.027621656668313e-13
0.039999999999999994,0.00011452887971092798,0.0008000000070046832,-0.000266666666109437,-0.0002666666655504482,5.589888361218209e-13
0.039999999999999994,0.0001207632811048988,0.0008000000077874501,-0.00026666666604692317,-0.0002666666654254199,6.215032828660316e-13
0.039999999999999994,0.00012649615048072576,0.0008000000085438565,-0.00026666666598651467,-0.00026666666530460225,6.8191242583171e-13
0.039999999999999994,0.00013338199253977207,0.000800000009498755,-0.000266666665910254,-0.00026666666515208026,7.581737429714075e-13
0.039999999999999994,0.0001397138968514299,0.0008000000104214958,-0.00026666666583656143,-0.00026666666500469474,8.318666935847041e-13
0.039999999999999994,0.00014731924945320273,0.0008000000115863772,-0.00026666666574353065,-0.0002666666648186331,9.248975283565608e-13
0.039999999999999994,0.000154312782635913,0.0008000000127120299,-0.000266666665653633,-0.0002666666646388374,1.0147956151611293e-12
0.039999999999999994,0.00016271282836761902,0.0008000000141330698,-0.00026666666554014484,-0.0002666666644118606,1.128284260725615e-12
0.039999999999999994,0.0001704371248778523,0.0008000000155062545,-0.00026666666543047834,-0.00026666666419252757,1.2379507683714375e-12
0.039999999999999994,0.00017971490225247435,0.0008000000172397827,-0.00026666666529203396,-0.0002666666639156385,1.3763954711219772e-12
0.039999999999999994,0.00018824632049547498,0.0008000000189149322,-0.0002666666651582517,-0.0002666666636480739,1.5101777792701776e-12
0.039999999999999994,0.00019849354482761748,0.0008000000210296649,-0.0002666666649893631,-0.00026666666331029665,1.6790664453432413e-12
0.039999999999999994,0.0002079164219971535,0.0008000000230731813,-0.00026666666482616193,-0.00026666666298389433,1.8422676036598806e-12
0.039999999999999994,0.0002192343920532665,0.000800000025652946,-0.0002666666646201347,-0.0002666666625718395,2.0482951814705663e-12
0.039999999999999994,0.00022964187784556194,0.0008000000281458339,-0.00026666666442104556,-0.000266666662173661,2.247384570108757e-12
0.039999999999999994,0.00024214247723121924,0.0008000000312928908,-0.00026666666416971243,-0.00026666666167099483,2.498717595680877e-12
0.039999999999999994,0.0002536374546747345,0.0008000000343339677,-0.00026666666392684323,-0.00026666666118525665,2.7415865801530548e-12
0.039999999999999994,0.0002674442578581633,0.0008000000381730663,-0.0002666666636202419,-0.00026666666057205375,3.0481881667203392e-12
0.039999999999999994,0.0002801403603620695,0.0008000000418828787,-0.00026666666332396567,-0.0002666666599795012,3.344464462318175e-12
0.039999999999999994,0.0002953898542675101,0.0008000000465661992,-0.0002666666629499425,-0.0002666666592314543,3.7184881909735346e-12
0.039999999999999994,0.0003094125889428728,0.0008000000510918027,-0.0002666666625885146,-0.0002666666585085988,4.0799157672091746e-12
0.039999999999999994,0.0003262555221898088,0.0008000000568049897,-0.00026666666213224295,-0.00026666665759605566,4.536187289509719e-12
0.039999999999999994,0.0003417435105480559,0.0008000000623257784,-0.00026666666169133674,-0.0002666666567142435,4.977093227571255e-12
0.039999999999999994,0.00036034638367419533,0.000800000069295301,-0.00026666666113473066,-0.0002666666556010313,5.5336993667887135e-12
0.039999999999999994,0.00037745273196777395,0.000800000076030117,-0.0002666666605968689,-0.0002666666545253077,6.0715612225370474e-12
0.039999999999999994,0.00039799944336735683,0.0008000000845322446,-0.00026666665991786453,-0.000266666653167299,6.750565547091608e-12
0.039999999999999994,0.0004196646189177665,0.0008000000939851954,-0.0002666666591629246,-0.00026666665165741915,7.505505440243143e-12
0.039999999999999994,0.00043958691996738716,0.0008000001031198075,-0.00026666665843340837,-0.0002666666501983864,8.235021985072283e-12
0.039999999999999994,0.00046351591773225847,0.0008000001146514721,-0.0002666666575124565,-0.00026666664835648253,9.155973993302952e-12
0.039999999999999994,0.0004855199257855619,0.0008000001257947945,-0.0002666666566225189,-0.000266666646576607,1.0045911856288586e-11
0.039999999999999994,0.0005119492954760548,0.0008000001398622836,-0.0002666666554990484,-0.00026666664432966675,1.116938166305717e-11
0.039999999999999994,0.0005362525307902849,0.0008000001534560338,-0.0002666666544134124,-0.00026666664215839475,1.2255017638705679e-11
0.039999999999999994,0.0005654435395028259,0.0008000001706169782,-0.0002666666530428899,-0.00026666663941735,1.3625539878239085e-11
0.039999999999999994,0.0005922862513082402,0.0008000001872000078,-0.00026666665171852174,-0.00026666663676861303,1.4949908715491955e-11
0.039999999999999994,0.0006245274662760788,0.0008000002081346611,-0.0002666666500466197,-0.0002666666334248098,1.6621809885517674e-11
0.039999999999999994,0.0006541750077557356,0.0008000002283643158,-0.00026666664843102164,-0.0002666666301936129,1.8237408761986873e-11
0.039999999999999994,0.0006897851489755495,0.0008000002539025207,-0.00026666664639146714,-0.0002666666261145039,2.027696321396308e-11
0.039999999999999994,0.0007225306004098072,0.000800000278580696,-0.00026666664442059657,-0.00026666662217276354,2.2247833024631458e-11
0.039999999999999994,0.00076186169134295,0.0008000003097347779,-0.00026666664193254194,-0.00026666661719665445,2.473588749194594e-11
0.039999999999999994,0.000798028757349726,0.0008000003398397098,-0.0002666666395282758,-0.0002666666123881214,2.7140154381689874e-11
0.039999999999999994,0.0008414696048443262,0.0008000003778446053,-0.00026666663649309536,-0.0002666666063177609,3.017533445337506e-11
0.039999999999999994,0.0008814158143557344,0.0008000004145696413,-0.0002666666335601279,-0.00026666660045182664,3.3108301256828954e-11
0.039999999999999994,0.0009293958521903563,0.0008000004609318519,-0.0002666666298575087,-0.0002666665930465876,3.681092106480599e-11
0.039999999999999994,0.0009735160927990438,0.0008000005057327605,-0.000266666626279579,-0.0002666665858907288,4.038885019616231e-11
0.039999999999999994,0.0010265096268431925,0.0008000005622900671,-0.0002666666217627497,-0.0002666665768570703,4.490567943535306e-11
0.039999999999999994,0.0010752400484571039,0.0008000006169427401,-0.0002666666173980298,-0.0002666665681276308,4.927039901287192e-11
0.039999999999999994,0.0011337709454140438,0.0008000006859370547,-0.00026666661188794514,-0.0002666665571074619,5.47804832095114e-11
0.039999999999999994,0.0011875932718091063,0.000800000752607905,-0.0002666666065634191,-0.0002666665464584099,6.010500918588596e-11
0.039999999999999994,0.0012522401378914823,0.0008000008367741375,-0.0002666665998416612,-0.00026666653301489495,6.682676623442213e-11
0.039999999999999994,0.0013116864287840225,0.0008000009181059738,-0.0002666665933462666,-0.00026666652002410606,7.33221605176207e-11
0.039999999999999994,0.001383088329515995,0.0008000010207804438,-0.0002666665851463875,-0.0002666665036243488,8.152203868558305e-11
0.039999999999999994,0.0014583770063220805,0.0008000011349373645,-0.0002666665760294868,-0.00026666648539054843,9.063893835785028e-11
0.039999999999999994,0.0015276090179191463,0.0008000012452499168,-0.0002666665672196084,-0.00026666646777079284,9.944881555626686e-11
0.039999999999999994,0.0016107647059412024,0.0008000013845100555,-0.0002666665560978923,-0.000266666445527362,1.1057053027081071e-10
0.039999999999999994,0.0016872308599730065,0.0008000015190804451,-0.00026666654535071325,-0.00026666642403300504,1.2131770821223117e-10
0.039999999999999994,0.0017790755933879828,0.0008000016889640222,-0.00026666653178332054,-0.0002666663968982222,1.3488509831641182e-10
0.039999999999999994,0.0018635317947539908,0.0008000018531265694,-0.0002666665186728263,-0.0002666663706772355,1.4799559077153732e-10
0.039999999999999994,0.0019649735031531924,0.0008000020603677073,-0.00026666650212195115,-0.00026666633757548843,1.645464627183721e-10
0.039999999999999994,0.0020582546422334837,0.0008000022606297534,-0.00026666648612844613,-0.00026666630558848186,1.8053996427187802e-10
0.039999999999999994,0.002170296125945497,0.0008000025134434118,-0.0002666664659380173,-0.00026666626520762955,2.007303877694759e-10
0.039999999999999994,0.002273324331895792,0.0008000027577432683,-0.0002666664464275256,-0.0002666662261866505,2.20240875070752e-10
0.039999999999999994,0.00239707317515254,0.000800003066150883,-0.0002666664217972026,-0.00026666617692601153,2.448711910866576e-10
0.039999999999999994,0.002510866931596701,0.0008000033641724999,-0.0002666663979963347,-0.00026666612932428396,2.6867205075303824e-10
0.039999999999999994,0.002647546451539021,0.0008000037403992261,-0.0002666663679497805,-0.00026666606923118614,2.987185943482268e-10
0.039999999999999994,0.0027732306647720428,0.0008000041039560608,-0.00026666633891507996,-0.00026666601116179635,3.2775328360611783e-10
0.039999999999999994,0.0029241920045310257,0.0008000045629153725,-0.0002666663022612611,-0.00026666593785417374,3.6440708735046776e-10
0.039999999999999994,0.003063009123761602,0.0008000050064186671,-0.0002666662668418036,-0.0002666658670152753,3.9982652827669565e-10
0.039999999999999994,0.003229744609161641,0.0008000055663035178,-0.00026666622212777693,-0.00026666577758724516,4.4454053177260533e-10
0.039999999999999994,0.0033830669087232244,0.0008000061073335516,-0.00026666617891954887,-0.0002666656911708147,4.877487341423646e-10
0.039999999999999994,0.003567224800644241,0.0008000067903375299,-0.00026666612437286876,-0.000266665582077489,5.422953797715006e-10
0.039999999999999994,0.0037365679455902646,0.0008000074503404901,-0.0002666660716631146,-0.0002666654766580182,5.950050964084741e-10
0.039999999999999994,0.003939968733823343,0.0008000082835375587,-0.00026666600512157345,-0.0002666653435749877,6.615465857409686e-10
0.039999999999999994,0.004127006763008982,0.0008000090886756508,-0.0002666659408209016,-0.0002666652149736986,7.258472030347539e-10
0.039999999999999994,0.004351661162678052,0.000800010105093336,-0.0002666658596468221,-0.00026666505262561716,8.070212049625033e-10
0.039999999999999994,0.004588544667407733,0.0008000112351804569,-0.0002666657693947656,-0.00026666487212159923,8.97273166357293e-10
0.039999999999999994,0.004806371865896536,0.0008000123272104006,-0.0002666656821820617,-0.0002666646976962927,9.844857690025945e-10
0.039999999999999994,0.005068007634414647,0.0008000137058043392,-0.0002666655720835126,-0.0002666644774993361,1.0945841764985025e-09
0.039999999999999994,0.005308595878605822,0.0008000150379722552,-0.0002666654656926743,-0.0002666642647178111,1.2009748631778422e-09
0.039999999999999994,0.005597570306969587,0.0008000167197196739,-0.0002666653313833817,-0.00026666399609943643,1.3352839452630133e-09
0.039999999999999994,0.005863297927967147,0.000800018344831892,-0.000266665201597132,-0.00026666373652716217,1.4650699698554037e-09
0.039999999999999994,0.00618246766810297,0.0008000203963961935,-0.00026666503775314785,-0.00026666340883950743,1.628913640419876e-09
0.039999999999999994,0.006475961511904057,0.0008000223788710834,-0.0002666648794268324,-0.0002666630921872113,1.787239621109469e-09
0.039999999999999994,0.006828481710992877,0.0008000248815748467,-0.00026666467955347665,-0.0002666626924409665,1.9871125101281195e-09
0.039999999999999994,0.007152643106130374,0.0008000272999962584,-0.0002666644864111361,-0.00026666230615678414,2.1802543519492887e-09
0.039999999999999994,0.00754199859676283,0.0008000303530447219,-0.00026666424258555565,-0.0002666618185063182,2.4240792374698866e-09
0.039999999999999994,0.007900032035340525,0.0008000333032768983,-0.00026666400697115673,-0.00026666134727826155,2.65969289517734e-09
0.039999999999999994,0.008330071784771877,0.0008000370276902479,-0.0002666637095282762,-0.0002666607523935345,2.9571347416666553e-09
0.039999999999999994,0.008725516600418095,0.0008000406266776647,-0.00026666342210223716,-0.00026666017754255954,3.2445596776235937e-09
0.039999999999999994,0.00920049175947023,0.0008000451700879767,-0.0002666630592516521,-0.0002666594518429278,3.6074087242767353e-09
0.039999999999999994,0.009637257115361803,0.0008000495604907091,-0.00026666270862064077,-0.0002666587505825477,3.958038093077824e-09
0.039999999999999994,0.010161863043104347,0.0008000551029936498,-0.0002666622659792701,-0.0002666578653020965,4.400677173631729e-09
0.039999999999999994,0.010644266575934484,0.0008000604588419592,-0.0002666618382445994,-0.000266657009835198,4.828409401415237e-09
0.039999999999999994,0.011223689255579098,0.000800067220135148,-0.0002666612982665772,-0.00026665592988256155,5.36838401564519e-09
0.039999999999999994,0.011756499757483368,0.0008000737537273735,-0.00026666077647329576,-0.0002666548862996349,5.890173660882264e-09
0.039999999999999994,0.012396467062334922,0.0008000820018182726,-0.00026666011775450385,-0.0002666535688671226,6.5488873812248084e-09
0.039999999999999994,0.012984951622707025,0.0008000899721353606,-0.0002666594812193593,-0.0002666522958022441,7.185417115202885e-09
0.039999999999999994,0.013691789938960303,0.000800100033963737,-0.0002666586776490436,-0.00026665068866916033,7.988979883286496e-09
0.039999999999999994,0.01434176601217696,0.0008001097569338111,-0.00026665790114067624,-0.00026664913566047763,8.765480198613933e-09
0.039999999999999994,0.01512246277830263,0.000800122031329639,-0.00026665692086652706,-0.0002666471751234112,9.745743115839069e-09
0.039999999999999994,0.015945656921677508,0.0008001356783881935,-0.0002666558309662654,-0.0002666449953367719,1.083562949349276e-08
0.039999999999999994,0.0167026284730245,0.0008001488658394311,-0.00026665477777110475,-0.0002666428889612641,1.1888809840624511e-08
0.039999999999999994,0.01761183923713942,0.0008001655138285876,-0.00026665344820452335,-0.0002666402298487632,1.3218355760164554e-08
0.039999999999999994,0.018447907724934823,0.0008001816011375276,-0.0002666521634147905,-0.0002666376602913419,1.450312344861409e-08
0.039999999999999994,0.019452123097742708,0.0008002019099300961,-0.0002666505414809043,-0.0002666344164543179,1.6125026586395492e-08
0.039999999999999994,0.020375553463178032,0.00080022153474118,-0.0002666489741707255,-0.0002666312818667661,1.769230395938211e-08
0.039999999999999994,0.021484700599117758,0.000800246309299647,-0.0002666469955804693,-0.0002666273247320106,1.9670848458680328e-08
0.039999999999999994,0.022504621397779274,0.0008002702494578116,-0.00026664508362630036,-0.0002666235008724931,2.158275380723801e-08
0.039999999999999994,0.02372966475249667,0.0008003004717313921,-0.00026664266995474396,-0.00026661867359747406,2.3996357269892143e-08
0.039999999999999994,0.02485615839455051,0.000800329676103431,-0.0002666403375734694,-0.0002666140089075768,2.6328665892600116e-08
0.039999999999999994,0.026209208113842888,0.0008003665439352646,-0.0002666373931519972,-0.00026660812016596577,2.927298603142654e-08
0.039999999999999994,0.027453410533533774,0.0008004021700045126,-0.0002666345478978884,-0.0002666024297658654,3.2118132022951416e-08
0.039999999999999994,0.02894784216799588,0.0008004471445885477,-0.00026663095602328697,-0.0002665952461674617,3.5709855825279656e-08
0.039999999999999994,0.03032205290774071,0.0008004906043102306,-0.00026662748512493785,-0.000266588304531657,3.9180593280853035e-08
0.039999999999999994,0.031972639636548415,0.0008005454680749451,-0.000266623103435346,-0.0002665795413768848,4.356205846121463e-08
0.039999999999999994,0.03349044343385915,0.0008005984838055835,-0.0002666188693276116,-0.0002665710734008492,4.779592676241312e-08
0.039999999999999994,0.03531350210478777,0.0008006654110130218,-0.0002666135241623581,-0.000266560383404298,5.314075806012262e-08
0.039999999999999994,0.036989903183969206,0.0008007300837245001,-0.0002666083590365355,-0.00026655005350896305,5.8305527572471635e-08
0.039999999999999994,0.03900345561332188,0.000800811726574214,-0.00026660183855677235,-0.0002665370130464087,6.482551036365771e-08
0.039999999999999994,0.040855026009482376,0.0008008906190469659,-0.00026659553771350404,-0.00026652441189011075,7.112582339329626e-08
0.039999999999999994,0.043078977136456705,0.000800990212684692,-0.0002665875835116594,-0.00026650850422598306,7.907928567632864e-08
0.039999999999999994,0.045124020518087136,0.0008010864509635646,-0.0002665798972538407,-0.00026649313249941007,8.67647544306252e-08
0.039999999999999994,0.047580355174722054,0.0008012079415373614,-0.00026657019412036165,-0.0002664737273330157,9.646678734596612e-08
0.039999999999999994,0.049839087784307214,0.0008013253386507178,-0.000266560817865826,-0.00026645497599817194,1.058418676540664e-07
0.039999999999999994,0.05255208802617603,0.0008014735394612131,-0.00026654898130915646,-0.00026643130452260616,1.1767678655030377e-07
0.039999999999999994,0.05541277095325444,0.0008016383101907303,-0.0002665358212389717,-0.00026640498640677845,1.308348321932707e-07
0.039999999999999994,0.058043323673594036,0.000801797528166737,-0.0002665231045603669,-0.0002663795552096109,1.4354935075599476e-07
0.039999999999999994,0.06120292305965891,0.00080199852172801,-0.00026650705113979436,-0.0002663474513812067,1.5959975858763874e-07
0.039999999999999994,0.0641083456360382,0.0008021927407823017,-0.00026649153865071436,-0.0002663164296174157,1.7510903329865648e-07
0.039999999999999994,0.06759809564850029,0.000802437917527199,-0.0002664719559036198,-0.0002662772686064833,1.9468729713654e-07
0.039999999999999994,0.07080710958768673,0.000802674829006509,-0.0002664530330954372,-0.00026623942777339796,2.1360532203923074e-07
0.039999999999999994,0.07466150809250671,0.0008029738972942209,-0.00026642914532791755,-0.00026619165890983044,2.3748641808711514e-07
0.039999999999999994,0.0782058360486575,0.0008032628812320623,-0.0002664060627039369,-0.0002661455007797638,2.6056192417307344e-07
0.039999999999999994,0.08246298563842931,0.0008036276806063843,-0.0002663769238456712,-0.00026608723299084973,2.8969085482148053e-07
0.039999999999999994,0.08637766500686388,0.0008039801757747007,-0.00026634876730692505,-0.0002660309305052179,3.1783680170714094e-07
0.039999999999999994,0.0910796496633622,0.0008044251438113981,-0.00026631322354259883,-0.0002659598577493619,3.533657932369293e-07
0.039999999999999994,0.09540337894215335,0.0008048550985164725,-0.0002662788782955329,-0.0002658911830163354,3.876952791974646e-07
0.039999999999999994,0.10059668005683922,0.0008053978394516028,-0.0002662355225264096,-0.00026580449346040564,4.310290660039539e-07
0.039999999999999994,0.10537220140017502,0.0008059222605224937,-0.0002661936291045478,-0.00026572073006941546,4.728990351323694e-07
0.039999999999999994,0.11110815726522083,0.0008065842376146804,-0.00026614074546683566,-0.00026561499550363223,5.257499632034361e-07
0.039999999999999994,0.11638267901026247,0.0008072238587194911,-0.000266089646157047,-0.00026551283178128033,5.76814375766654e-07
0.039999999999999994,0.12271799232238927,0.0008080312369176884,-0.0002660251424450806,-0.0002653838730280685,6.412694170120927e-07
0.039999999999999994,0.12854365566650547,0.0008088113317678442,-0.00026596281604525417,-0.0002652592721534692,7.035438917849727e-07
0.039999999999999994,0.13554095406055294,0.0008097960027886302,-0.0002658841414311426,-0.0002651019953433594,7.821460877832078e-07
0.039999999999999994,0.14197534850226384,0.0008107473740808281,-0.0002658081238281851,-0.0002649500373964532,8.580864317318999e-07
0.039999999999999994,0.14970380365563726,0.0008119482025973026,-0.0002657121687211077,-0.0002647582349308106,9.539337902970827e-07
0.039999999999999994,0.15681053629464786,0.0008131083838344205,-0.00026561945625275935,-0.0002645729249428935,1.0465313098658303e-06
0.039999999999999994,0.1653465477227888,0.0008145727213033391,-0.00026550243048424556,-0.000264339033714397,1.163396769848573e-06
0.039999999999999994,0.17319587204692113,0.0008159874360716295,-0.0002653893624203324,-0.00026411306860342975,1.2762938169026444e-06
0.039999999999999994,0.18262382234945293,0.0008177729579375286,-0.00026524664715883587,-0.0002638278765753613,1.4187705834745718e-06
0.039999999999999994,0.1925649849234816,0.0008197575922272705,-0.0002650880022995888,-0.00026351088162471215,1.5771206748766689e-06
0.039999999999999994,0.20170642174785422,0.0008216748226925002,-0.00026493473076110645,-0.00026320465299012146,1.7300777709849903e-06
0.039999999999999994,0.2126863492568954,0.0008240943633804519,-0.00026474128177317335,-0.0002628181935019843,1.9230882711890524e-06
0.039999999999999994,0.22278298663835405,0.000826431576879037,-0.00026455439319827365,-0.000262444884087905,2.109509110368639e-06
0.039999999999999994,0.23491022097397948,0.0008293809209396071,-0.0002643185266701384,-0.0002619738032559116,2.3447234142268407e-06
0.039999999999999994,0.24606186905416627,0.0008322296835620783,-0.0002640906713726088,-0.0002615187883548398,2.571883017768971e-06
0.039999999999999994,0.2594562937905848,0.0008358242357930819,-0.000263803119251049,-0.0002609446541532342,2.858465097814759e-06
0.039999999999999994,0.2717731920019339,0.0008392958651065101,-0.00026352535220650856,-0.00026039015469399686,3.135197512511693e-06
0.039999999999999994,0.2865672175030764,0.0008436758726931133,-0.00026317483748801673,-0.00025969056779531383,3.484269692702899e-06
0.039999999999999994,0.300171124338899,0.0008479055944437181,-0.00026283627770619204,-0.00025901498670352673,3.821291002665313e-06
0.039999999999999994,0.31651099669888033,0.0008532413497507487,-0.00026240908687894833,-0.0002581627498926645,4.246336986283834e-06
0.039999999999999994,0.3315363933549332,0.0008583932781459298,-0.00026199650684761533,-0.0002573398771040258,4.656629743589541e-06
0.039999999999999994,0.34958364011139254,0.0008648913396372778,-0.0002614759752542393,-0.0002563020023700919,5.173972884147402e-06
0.039999999999999994,0.36617905989751054,0.0008711644186626447,-0.00026097330750815193,-0.00025530006668415524,5.673240823996688e-06
0.039999999999999994,0.38611208680941295,0.0008790750131413769,-0.0002603392018710502,-0.00025403659413926623,6.302607731783973e-06
0.039999999999999994,0.4044415834730845,0.0008867100657090031,-0.00025972694807958543,-0.0002528171387150724,6.909809364513057e-06
0.039999999999999994,0.42645743814789255,0.0008963358419802672,-0.0002589547286217285,-0.00025127974054587975,7.674988075848728e-06
0.039999999999999994,0.446702207624866,0.0009056238752456801,-0.00025820925514422776,-0.000249796298779973,8.412956364254784e-06
0.039999999999999994,0.47101852742940326,0.0009173301741129121,-0.0002572691983399768,-0.00024792664254775663,9.342555792220156e-06
0.039999999999999994,0.49337869905310766,0.0009286220767917778,-0.00025636190129776557,-0.00024612319339799,1.0238707899775561e-05
0.039999999999999994,0.5202358625641429,0.0009428488561209983,-0.0002552180637849965,-0.00024385104367693312,1.136702010806341e-05
0.039999999999999994,0.5449324774408978,0.0009565665874690756,-0.0002541143868830485,-0.00024166023184290575,1.2454155040142738e-05
0.039999999999999994,0.574595980703588,0.0009738420803621849,-0.0002527233922400507,-0.0002389012797444365,1.38221124956142e-05
0.039999999999999994,0.6058742224196524,0.000992994661012272,-0.0002511798550331156,-0.0002358426320532603,1.5337222979855262e-05
0.039999999999999994,0.6346362578954489,0.0010114474447976125,-0.0002496913168701518,-0.0002328958290724191,1.679548779773274e-05
0.039999999999999994,0.669182803542923,0.00103466572643444,-0.0002478164022500289,-0.00022918813687694916,1.8628265373079738e-05
0.039999999999999994,0.7009502213056863,0.001057020879340652,-0.00024600912030292425,-0.00022561842876927954,2.0390691533644706e-05
0.039999999999999994,0.7391065801895089,0.0010851286191753322,-0.00024373388805302995,-0.00022113036960287662,2.2603518450153333e-05
0.039999999999999994,0.7741934165214894,0.0011121695398538666,-0.00024154196332852647,-0.00021681291842678898,2.4729044901737493e-05
0.039999999999999994,0.8163367826955676,0.0011461381042508659,-0.00023878423140260077,-0.00021138977858220048,2.7394452820400292e-05
0.039999999999999994,0.8550898879363177,0.001178784893721338,-0.0002361293197292611,-0.0002061781257618167,2.9951193967444386e-05
0.039999999999999994,0.9016368689491064,0.0012197499750044474,-0.00023279168692360246,-0.0001996392676895913,3.3152419234011164e-05
0.039999999999999994,0.9444393362787663,0.001259072872274651,-0.0002295812583402326,-0.00019336334630572162,3.621791203451099e-05
0.039999999999999994,0.9958500715402862,0.0013083477005397682,-0.0002255491450249545,-0.00018550033648023474,4.004880854471975e-05
0.039999999999999994,1.0431250240408683,0.0013555759472292067,-0.0002216748420686032,-0.00017796532874925772,4.370951331934548e-05
0.039999999999999994,1.0999077335232321,0.0014146571216053976,-0.000216814769176065,-0.00016854141610251906,4.827335307354595e-05
0.039999999999999994,1.1521225069548449,0.0014711790449313613,-0.0002121511144997068,-0.00015952820875516304,5.2622905744543764e-05
0.039999999999999994,1.2148385151923642,0.001541739055333256,-0.0002063095886239805,-0.0001482802183404173,5.802937028356322e-05
0.039999999999999994,1.2725092778331346,0.001609087034005016,-0.00020071345084250134,-0.00013754859910617093,6.316485173633041e-05
0.039999999999999994,1.3417785628867167,0.001692944694871179,-0.00019371704419101723,-0.00012419283333506948,6.952421085594775e-05
0.039999999999999994,1.4054754181057532,0.001772755774483882,-0.00018702850479934168,-0.00011148911238092991,7.553939241841177e-05
0.039999999999999994,1.4819827403457506,0.0018718119826083377,-0.00017868604007600448,-9.573356785762746e-05,8.295247221837702e-05
0.039999999999999994,1.5523353623505516,0.001965751121859836,-0.00017073163907008171,-8.080502350876862e-05,8.99266155613131e-05
0.039999999999999994,1.6368370336440763,0.002081872512774239,-0.00016083984041290785,-6.237114992187068e-05,9.846869049103717e-05
0.039999999999999994,1.714540892114486,0.0021915007977898475,-0.00015143963755000206,-4.499058110038942e-05,0.00010644905644961264
0.039999999999999994,1.8078722523338298,0.0023263281992988646,-0.00013979421012530344,-2.3648884279463592e-05,0.00011614532584583985
0.039999999999999994,1.8936954874760494,0.002452893228558575,-0.00012877468988046155,-3.653513537309682e-06,0.00012512117634315187
0.039999999999999994,1.9967791622371711,0.0026075460488374272,-0.000115189529201845,2.0721648463076225e-05,0.00013591117766492122
0.039999999999999994,2.1054742164795943,0.0027729227856347653,-0.0001005090113428634,4.670664225630986e-05,0.00014721565359917326
0.039999999999999994,2.2054251994838086,0.0029263108088137986,-8.674306405202919e-05,7.072243907399153e-05,0.00015746550312602072
0.039999999999999994,2.3254779405275006,0.0031111765814218076,-6.994791363590893e-05,9.954002680066147e-05,0.0001694879404365704
0.039999999999999994,2.435872931019939,0.0032807751197675714,-5.432870984606913e-05,0.00012583651922652597,0.0001801652290725951
0.039999999999999994,2.568470138248514,0.003482601410420211,-3.545363843380123e-05,0.00015692262348097685,0.00019237626191477808
0.039999999999999994,2.6904004440796463,0.0036650664503811575,-1.8091283620498127e-05,0.00018479749271366013,0.00020288877633415825
0.039999999999999994,2.8368529049894575,0.0038784923326027803,2.6245619847039517e-06,0.00021706916373342338,0.00021444460174871942
0.039999999999999994,2.971523866178508,0.004067568586982842,2.1401188044766086e-05,0.00024529447085255287,0.00022389328280778678
0.039999999999999994,3.13327933414676,0.0042833929158919235,4.34191794621957e-05,0.00027698880600024304,0.00023356962653804734
0.039999999999999994,3.2820222382505175,0.004469021097184147,6.297420489963088e-05,0.0003036804945654905,0.00024070628966585964
0.039999999999999994,3.4606797442772694,0.00467322976448913,8.53545152994466e-05,0.00033223462251231724,0.00024688010721287063
0.039999999999999994,3.624964986811199,0.004840807615776581,0.00010466152395875917,0.00035479235143226636,0.0002501308274735072
0.039999999999999994,3.8222906467138578,0.005013970515977857,0.00012598446580298613,0.000376855538645997,0.00025087107284301087
0.039999999999999994,4.00374226672261,0.005144158304271076,0.00014358425872606,0.00039207406332300923,0.00024848980459694925
0.039999999999999994,4.221686740044587,0.00526176655267928,0.00016195028839934277,0.0004037907988221918,0.000241840510422849
0.039999999999999994,4.422098474513064,0.005331446194420986,0.00017601082255143185,0.0004082790523125446,0.00023226822976111274
0.039999999999999994,4.662816247736422,0.005365994514210236,0.00018920051406633322,0.0004060007412022399,0.00021680022713590667
0.039999999999999994,4.884169263547049,0.005351143229913122,0.00019775545045545335,0.0003970269756384396,0.00019927152518298623
0.039999999999999994,5.150039948232894,0.005276803575329177,0.00020363166440348304,0.00037852664800431624,0.0001748949836008332
0.039999999999999994,5.394522426958056,0.005157882292790686,0.00020505034172254726,0.0003552583255455754,0.00015020798382302816
0.039999999999999994,5.688174283357251,0.00495808904922339,0.00020221716332244764,0.00032124200692789035,0.00011902484360544271
0.039999999999999994,5.958203052491971,0.0047276822231840975,0.0001958547504486262,0.000286001584787291,9.01468343386648e-05
0.039999999999999994,6.282538971168309,0.004404401570346181,0.00018441324047827282,0.00024121980368131983,5.680656320304701e-05
0.039999999999999994,6.580783395638406,0.004074985271521822,0.0001711964113096227,0.00019992712508352863,2.8730713773905925e-05
0.039999999999999994,6.939009593945253,0.0036558761136897804,0.00015320027268964076,0.00015278229535949507,-4.1797733014569283e-07
0.039999999999999994,7.316735903627646,0.0032059325683529124,0.00013315112257199845,0.00010832559708984636,-2.482552548215209e-05
0.039999999999999994,7.664075681158914,0.0028008648478153675,0.0001148593734792567,7.356127085899971e-05,-4.129810262025699e-05
0.039999999999999994,8.081271101481827,0.0023418032125522396,9.416427068582034e-05,4.0211060117759144e-05,-5.39532105680612e-05
0.039999999999999994,8.46490486160796,0.0019571277791169306,7.703790035171132e-05,1.739021486828543e-05,-5.964768548342589e-05
0.039999999999999994,8.925693570990608,0.0015510807548763175,5.9339055317059434e-05,-1.2856551217739801e-06,-6.0624710438833414e-05
0.039999999999999994,9.349413718894663,0.0012342170200440505,4.5907505428899836e-05,-1.1641402757288572e-05,-5.754890818618841e-05
0.039999999999999994,9.858350836493353,0.0009226901504751314,3.313213818257469e-05,-1.776562705043335e-05,-5.089776523300804e-05
0.039999999999999994,10.326346050680995,0.0006963915130216424,2.4192678489364804e-05,-1.9318851593134057e-05,-4.351153008249886e-05
0.039999999999999994,10.888462665944173,0.0004891935435594272,1.6330411047073513e-05,-1.820701637025061e-05,-3.453742741732412e-05
0.039999999999999994,11.405359305355669,0.00034911975544917983,1.1238697406746688e-05,-1.5797176499209045e-05,-2.7035873905955733e-05
0.039999999999999994,12.026212212775315,0.00022967526370962763,7.083989461969262e-06,-1.2417669548106011e-05,-1.9501659010075272e-05
0.039999999999999994,12.597120050580168,0.0001545438938857202,4.5876597303966015e-06,-9.494133415158083e-06,-1.4081793145554684e-05
0.039999999999999994,13.282846681291819,9.489082273840202e-05,2.694307584165196e-06,-6.58845892730258e-06,-9.282766511467776e-06
0.039999999999999994,13.913409417466864,6.000922062422264e-05,1.638046447785005e-06,-4.564064148396714e-06,-6.202110596181719e-06
0.039999999999999994,14.670788510723334,3.4251781868261894e-05,8.93393925445809e-07,-2.849792374717431e-06,-3.74318630016324e-06
0.039999999999999994,15.36723956275546,2.027902458627485e-05,5.081505489628137e-07,-1.8066789382421896e-06,-2.3148294872050033e-06
0.039999999999999994,16.203758177041568,1.0707002325146698e-05,2.5620064246652926e-07,-1.0217151716959311e-06,-1.2779158141624603e-06
0.039999999999999994,16.972982300273024,5.906586514923362e-06,1.3571158179836938e-07,-5.944181738100658e-07,-7.301297556084353e-07
0.039999999999999994,17.896909826498213,2.867625838400147e-06,6.288428701430957e-08,-3.046463352953876e-07,-3.6753062230969715e-07
0.039999999999999994,18.74651117326146,1.4656374988071452e-06,3.0847804872272474e-08,-1.624560058792038e-07,-1.9330381075147627e-07
0.039999999999999994,19.766981081686826,6.497135492842608e-07,1.3045113730489838e-08,-7.523352404198489e-08,-8.827863777247472e-08
0.039999999999999994,20.705358372026563,3.056211406046414e-07,5.887152891795612e-09,-3.6635076145857976e-08,-4.252222903765359e-08
0.039999999999999994,21.83245850103368,1.2270558911312893e-07,2.2537671970746324e-09,-1.5246836740928407e-08,-1.750060393800304e-08
0.039999999999999994,22.86888804811485,5.2722105729850344e-08,9.286578570336188e-10,-6.741457227137921e-09,-7.670115084171539e-09
0.039999999999999994,24.11376032736518,1.8995773713827428e-08,3.188917726555005e-10,-2.5028285851406794e-09,-2.82172035779618e-09
0.039999999999999994,25.426397466384177,6.433368673768674e-09,1.0290697173428091e-10,-8.711322917363677e-10,-9.740392634706487e-10
0.039999999999999994,26.633438332109066,2.3652598085763857e-09,3.626146920540083e-11,-3.2740128897533703e-10,-3.6366275818073784e-10
0.039999999999999994,28.08323462351637,7.071683443977068e-10,1.0325830573916444e-11,-1.0018364586708494e-10,-1.1050947644100139e-10
0.039999999999999994,29.416400750457523,2.3191126634892673e-10,3.2443540288564512e-12,-3.3476531562983155e-11,-3.672088559183961e-11
0.039999999999999994,31.01768813148436,6.046273121468419e-11,8.053005787816049e-13,-8.902799232283331e-12,-9.708099811064936e-12
0.039999999999999994,32.49015851131349,1.748694962826796e-11,2.2307147840188298e-13,-2.6166729466888627e-12,-2.839744425090746e-12
0.039999999999999994,34.258766481849065,3.921546391381937e-12,4.7609410859803587e-14,-5.969298653165458e-13,-6.445392761763494e-13
0.039999999999999994,35.885097196123084,9.87706539657241e-13,1.1481283732850807e-14,-1.5245580771861716e-13,-1.6393709145146798e-13
0.039999999999999994,37.838509300973534,1.8764860600625654e-13,2.0752398147526154e-15,-2.9397160651432424e-14,-3.147240046618504e-14
0.039999999999999994,39.63477741503764,4.0585832135124596e-14,4.296386773980448e-16,-6.435694340002014e-15,-6.865333017400059e-15
0.039999999999999994,41.79230407721851,6.423059820455677e-15,6.466944409800249e-17,-1.0317635716501698e-15,-1.0964330157481722e-15
0.039999999999999994,43.77626656976965,1.1745823076669035e-15,1.1317135128874985e-17,-1.9068572874193082e-16,-2.020028638708058e-16
0.039999999999999994,46.1592359833731,1.5198009188972282e-16,1.3923483165134394e-18,-2.4953973293655793e-17,-2.6346321610169233e-17
0.039999999999999994,48.35050528277872,2.3097738124440225e-17,2.0245419396507027e-19,-3.827850547866627e-18,-4.030304741831698e-18
0.039999999999999994,50.98247425248283,2.3934605589268504e-18,1.994264832045598e-20,-4.0062171502535375e-19,-4.2056436334580975e-19
0.039999999999999994,53.40271211511652,2.9660776261378895e-19,2.3639867619217253e-21,-5.005425839413171e-20,-5.2418245156053433e-20
0.039999999999999994,56.3096989265883,2.405787887821016e-20,1.822302268943899e-22,-4.095695689227827e-21,-4.2779259161222165e-21
0.039999999999999994,58.982830573763884,2.3803638659216214e-21,1.7243725689815433e-23,-4.081775739277724e-22,-4.254212996175879e-22
0.039999999999999994,62.193572196990736,1.4735103641104245e-22,1.0142665826129649e-24,-2.5464200655711616e-23,-2.6478467238324583e-23
0.039999999999999994,65.14602282734165,1.1372663808747592e-23,7.485361384745789e-26,-1.977951422121659e-24,-2.0528050359691167e-24
0.039999999999999994,68.6922589954728,5.224856309271052e-25,3.267057292211819e-27,-9.149906091834856e-26,-9.476611821056037e-26
0.039999999999999994,71.9532150108154,3.0657772442047644e-26,1.8328919630531427e-28,-5.399434563655105e-27,-5.582723759960419e-27
0.039999999999999994,75.87000198276802,1.013540438378488e-27,5.766509845698143e-30,-1.7960824785184383e-28,-1.8537475769754198e-28
0.039999999999999994,80.0,2.771245295433254e-29,1.5960362724930364e-31,-4.947318278487406e-30,-5.10692190573671e-30
0.08,1e-05,0.0032000000002500124,-0.0010666666666299884,-0.001066666666629533,4.553649124439119e-16
0.08,1.047471957729e-05,0.0032000000002707927,-0.0010666666666296373,-0.0010666666666225566,7.080707548068332e-15
0.08,1.1044912933751135e-05,0.003200000000297025,-0.001066666666628496,-0.0010666666666140977,1.4398421691041996e-14
0.08,1.1569236573662653e-05,0.003200000000322374,-0.0010666666666268691,-0.001066666666606186,2.068310800407147e-14
0.08,1.2199010171414309e-05,0.003200000000354376,-0.0010666666666242978,-0.0010666666665964577,2.7840143385082783e-14
0.08,1.2778121066607328e-05,0.0032000000003852987,-0.001066666666621422,-0.0010666666665872515,3.4170583029791146e-14
0.08,1.347370052212158e-05,0.0032000000004243374,-0.0010666666666174084,-0.0010666666665758216,4.1586742730026494e-14
0.08,1.4113323463760912e-05,0.0032000000004620615,-0.0010666666666132416,-0.0010666666665649208,4.832072242333396e-14
0.08,1.4881584916227004e-05,0.0032000000005096836,-0.0010666666666076941,-0.001066666666551303,5.639108971444706e-14
0.08,1.5588042886310657e-05,0.0032000000005557028,-0.0010666666666021203,-0.0010666666665382503,6.386991630025207e-14
0.08,1.6436580971595142e-05,0.003200000000613798,-0.0010666666665948717,-0.0010666666665218785,7.29932607412831e-14
0.08,1.7216857648687992e-05,0.003200000000669937,-0.0010666666665877082,-0.001066666666506138,8.157016728738142e-14
0.08,1.8154060575981896e-05,0.0032000000007408064,-0.0010666666665785066,-0.0010666666664863452,9.216130462952332e-14
0.08,1.9015869372254613e-05,0.0032000000008092903,-0.001066666666569497,-0.0010666666664672785,1.0221858082193336e-13
0.08,2.005100184557644e-05,0.003200000000895745,-0.0010666666665580073,-0.0010666666664432662,1.1474111591414093e-13
0.08,2.1002862157613703e-05,0.0032000000009792884,-0.0010666666665468164,-0.0010666666664201064,1.267100573770774e-13
0.08,2.214615696188751e-05,0.003200000001084755,-0.0010666666665326032,-0.0010666666663909118,1.4169134615604762e-13
0.08,2.3197478389041985e-05,0.0032000000011866694,-0.0010666666665188028,-0.001066666666362734,1.560687343249434e-13
0.08,2.446023754612341e-05,0.003200000001315327,-0.0010666666665013166,-0.001066666666327193,1.741235194224755e-13
0.08,2.5621412908954276e-05,0.0032000000014396532,-0.0010666666664843718,-0.001066666666292874,1.914978592365557e-13
0.08,2.7016119403580353e-05,0.003200000001596603,-0.0010666666664629315,-0.0010666666662495722,2.1335927816168443e-13
0.08,2.8298627481908734e-05,0.003200000001748269,-0.001066666666442178,-0.001066666666207747,2.344311810648092e-13
0.08,2.983906866203702e-05,0.003200000001939733,-0.0010666666664159432,-0.0010666666661549632,2.6098003966246175e-13
0.08,3.1255587668233905e-05,0.0032000000021247497,-0.0010666666663905655,-0.0010666666661039708,2.865947496683008e-13
0.08,3.295699153964209e-05,0.0032000000023583164,-0.001066666666358501,-0.0010666666660396102,3.188907471418645e-13
0.08,3.4751011655043805e-05,0.0032000000026180045,-0.0010666666663228274,-0.0010666666659680639,3.547635275824579e-13
0.08,3.6400710211371955e-05,0.003200000002868947,-0.001066666666288338,-0.0010666666658989356,3.8940248595076277e-13
0.08,3.8382189808972975e-05,0.003200000003185741,-0.001066666666244782,-0.0010666666658116753,4.3310667552365345e-13
0.08,4.020426750113091e-05,0.0032000000034918654,-0.0010666666662026787,-0.00106666666572736,4.753187860667696e-13
0.08,4.2392794464681653e-05,0.003200000003878321,-0.001066666666149515,-0.0010666666656209249,5.285901924501069e-13
0.08,4.4405263411523204e-05,0.0032000000042517645,-0.0010666666660981352,-0.001066666665518079,5.800561853758213e-13
0.08,4.682247238808159e-05,0.0032000000047232025,-0.0010666666660332598,-0.0010666666653882492,6.450105206889933e-13
0.08,4.904522681805586e-05,0.0032000000051787664,-0.0010666666659705638,-0.0010666666652627958,7.077680455602753e-13
0.08,5.1715013086932764e-05,0.003200000005753874,-0.001066666665891408,-0.0010666666651044238,7.869841930907562e-13
0.08,5.417002600215032e-05,0.0032000000063096157,-0.0010666666658149132,-0.0010666666649513886,8.635245296595428e-13
0.08,5.71187816912974e-05,0.0032000000070111913,-0.0010666666657183387,-0.0010666666647581966,9.60142122058416e-13
0.08,5.9830322081278526e-05,0.0032000000076891407,-0.0010666666656250147,-0.0010666666645715124,1.0535023374502739e-12
0.08,6.308719706623182e-05,0.0032000000085449917,-0.001066666665507195,-0.0010666666643358417,1.1713531620355377e-12
0.08,6.608206981860106e-05,0.003200000009372024,-0.0010666666653933407,-0.0010666666641081094,1.2852312530203802e-12
0.08,6.967925988309304e-05,0.00320000001041608,-0.0010666666652496078,-0.0010666666638206176,1.4289901727193577e-12
0.08,7.298707076285124e-05,0.003200000011424977,-0.0010666666651107128,-0.0010666666635428088,1.567904009749932e-12
0.08,7.696013586969808e-05,0.0032000000126986205,-0.0010666666649353665,-0.0010666666631920995,1.7432669890959929e-12
0.08,8.061358418652248e-05,0.0032000000139293747,-0.001066666664765925,-0.0010666666628532022,1.9127228013254838e-12
0.08,8.500180000504746e-05,0.0032000000154830946,-0.0010666666645520176,-0.0010666666624253734,2.1266441298933847e-12
0.08,8.903700186177581e-05,0.003200000016984492,-0.001066666664345313,-0.0010666666620119528,2.333360284503816e-12
0.08,9.388374802678759e-05,0.0032000000188798774,-0.0010666666640843647,-0.0010666666614900457,2.594319073803697e-12
0.08,9.834059334455514e-05,0.0032000000207114327,-0.001066666663832203,-0.0010666666609857143,2.846488669772107e-12
0.08,0.00010369378228500988,0.003200000023023615,-0.0010666666635138695,-0.0010666666603490402,3.1648292927316524e-12
0.08,0.000108616329134404,0.0032000000252579326,-0.001066666663206256,-0.001066666659733807,3.472448890928792e-12
0.08,0.00011452887971092798,0.0032000000280785644,-0.0010666666628179192,-0.001066666658957128,3.8607912439952985e-12
0.08,0.0001207632811048988,0.00320000003121464,-0.0010666666623861528,-0.0010666666580935907,4.29256218244245e-12
0.08,0.00012649615048072576,0.003200000034245104,-0.0010666666619689256,-0.0010666666572591345,4.709791150830922e-12
0.08,0.00013338199253977207,0.0032000000380708045,-0.0010666666614422133,-0.0010666666562057048,5.2365084924482774e-12
0.08,0.0001397138968514299,0.0032000000417676724,-0.0010666666609332378,-0.001066666655187751,5.7454867686407285e-12
0.08,0.00014731924945320273,0.003200000046434648,-0.001066666660290699,-0.0010666666539026713,6.388027693621234e-12
0.08,0.000154312782635913,0.0032000000509444597,-0.0010666666596697992,-0.001066666652660869,7.008930328483709e-12
0.08,0.00016271282836761902,0.00320000005663771,-0.0010666666588859653,-0.0010666666510931995,7.792765781625133e-12
0.08,0.0001704371248778523,0.003200000062139232,-0.001066666658128528,-0.0010666666495783232,8.550204814994355e-12
0.08,0.00017971490225247435,0.0032000000690844323,-0.0010666666571723278,-0.0010666666476659213,9.50640651267709e-12
0.08,0.00018824632049547498,0.003200000075795746,-0.0010666666562483297,-0.0010666666458179225,1.0430407188996571e-11
0.08,0.00019849354482761748,0.0032000000842682032,-0.0010666666550818587,-0.0010666666434849823,1.159687645392593e-11
0.08,0.0002079164219971535,0.0032000000924553404,-0.0010666666539546714,-0.0010666666412306063,1.272406507414614e-11
0.08,0.0002192343920532665,0.0032000001027909005,-0.0010666666525316936,-0.0010666666383846502,1.4147043345819066e-11
0.08,0.00022964187784556194,0.0032000001127783988,-0.0010666666511566377,-0.001066666635634535,1.552210270039378e-11
0.08,0.00024214247723121924,0.003200000125386757,-0.0010666666494207448,-0.0010666666321627499,1.7257994946312527e-11
0.08,0.0002536374546747345,0.0032000001375705163,-0.0010666666477433116,-0.001066666628807882,1.893542961317607e-11
0.08,0.0002674442578581633,0.003200000152951467,-0.0010666666456256942,-0.0010666666245726486,2.1053045591579167e-11
0.08,0.0002801403603620695,0.0032000001678144474,-0.0010666666435793905,-0.0010666666204800419,2.30993486057679e-11
0.08,0.0002953898542675101,0.0032000001865776853,-0.0010666666409961077,-0.0010666666153134764,2.5682631368817432e-11
0.08,0.0003094125889428728,0.0032000002047090493,-0.0010666666384998198,-0.0010666666103209008,2.8178919050589335e-11
0.08,0.0003262555221898088,0.0032000002275983427,-0.001066666635348471,-0.0010666666040182024,3.133026867455091e-11
0.08,0.0003417435105480559,0.003200000249716811,-0.0010666666323032462,-0.0010666665979277544,3.4375491819380044e-11
0.08,0.00036034638367419533,0.003200000277639483,-0.0010666666284589136,-0.0010666665902390859,3.821982769332266e-11
0.08,0.00037745273196777395,0.0032000003046218257,-0.0010666666247440408,-0.0010666665828093424,4.193469833532748e-11
0.08,0.00039799944336735683,0.003200000338684721,-0.001066666620054334,-0.0010666665734299279,4.662440615879615e-11
0.08,0.0004196646189177665,0.003200000376556991,-0.0010666666148401599,-0.00106666656300158,5.183857986965079e-11
0.08,0.00043958691996738716,0.0032000004131538693,-0.00106666660980158,-0.0010666665529244191,5.687716096713924e-11
0.08,0.00046351591773225847,0.0032000004593542904,-0.0010666666034408042,-0.0010666665402028668,6.323793745599549e-11
0.08,0.0004855199257855619,0.003200000503998858,-0.0010666665972942342,-0.001066666527909728,6.938450617006986e-11
0.08,0.0005119492954760548,0.003200000560358798,-0.0010666665895347172,-0.001066666512390694,7.714402315735225e-11
0.08,0.0005362525307902849,0.0032000006148207505,-0.00106666658203651,-0.0010666664973942818,8.46422283391074e-11
0.08,0.0005654435395028259,0.0032000006835742984,-0.0010666665725706666,-0.0010666664784625966,9.410807007802224e-11
0.08,0.0005922862513082402,0.00320000075001249,-0.0010666665634235981,-0.0010666664601684576,1.0325514054887464e-10
0.08,0.0006245274662760788,0.0032000008338850133,-0.001066666551876208,-0.0010666664370736758,1.1480253206408442e-10
0.08,0.0006541750077557356,0.0032000009149330305,-0.0010666665407176885,-0.0010666664147566374,1.2596105105136535e-10
0.08,0.0006897851489755495,0.0032000010172492043,-0.0010666665266310142,-0.00106666638658329,1.400477240686565e-10
0.08,0.0007225306004098072,0.0032000011161197593,-0.0010666665130187243,-0.0010666663593587125,1.536600117979514e-10
0.08,0.00076186169134295,0.0032000012409353624,-0.0010666664958343766,-0.0010666663249900177,1.708443588422509e-10
0.08,0.000798028757349726,0.0032000013615476534,-0.0010666664792287313,-0.0010666662917787288,1.8745000256864541e-10
0.08,0.0008414696048443262,0.003200001513810331,-0.0010666664582655284,-0.0010666662498523233,2.0841320509668027e-10
0.08,0.0008814158143557344,0.0032000016609453853,-0.0010666664380082854,-0.0010666662093378387,2.2867044672733594e-10
0.08,0.0009293958521903563,0.0032000018466907783,-0.001066666412435253,-0.0010666661581917756,2.542434773995794e-10
0.08,0.0009735160927990438,0.0032000020261809753,-0.0010666663877234217,-0.0010666661087681156,2.7895530612005726e-10
0.08,0.0010265096268431925,0.0032000022527719617,-0.0010666663565268549,-0.001066666046374982,3.1015187293426116e-10
0.08,0.0010752400484571039,0.0032000024717322305,-0.0010666663263808667,-0.0010666659860830113,3.402978554327418e-10
0.08,0.0011337709454140438,0.003200002748150797,-0.0010666662883241427,-0.0010666659099695668,3.783545759680762e-10
0.08,0.0011875932718091063,0.0032000030152606433,-0.0010666662515490242,-0.001066665836419332,4.151296921234976e-10
0.08,0.0012522401378914823,0.003200003352463921,-0.0010666662051235887,-0.001066665743568468,4.6155512072910965e-10
0.08,0.0013116864287840225,0.0032000036783114798,-0.0010666661602615844,-0.0010666656538444652,5.064171191768163e-10
0.08,0.001383088329515995,0.003200004089666081,-0.0010666661036271494,-0.001066665540575606,5.630515433237282e-10
0.08,0.0014583770063220805,0.003200004547023924,-0.001066666040659085,-0.00106666541463949,6.260195951034164e-10
0.08,0.0015276090179191463,0.0032000049889796996,-0.0010666659798115455,-0.0010666652929444212,6.868671243755176e-10
0.08,0.0016107647059412024,0.0032000055469109624,-0.001066665902996743,-0.001066665139314834,7.636819089433533e-10
0.08,0.0016872308599730065,0.0032000060860532253,-0.001066665828768771,-0.0010666649908589064,8.379098645396738e-10
0.08,0.0017790755933879828,0.0032000067666740884,-0.0010666657350623197,-0.0010666648034460308,9.316162888871327e-10
0.08,0.0018635317947539908,0.003200007424374229,-0.0010666656445115462,-0.001066664622344509,1.022167037210281e-09
0.08,0.0019649735031531924,0.003200008254664235,-0.0010666655301989586,-0.001066664393719372,1.1364795866539157e-09
0.08,0.0020582546422334837,0.003200009056993223,-0.001066665419735986,-0.001066664172793463,1.2469425229779535e-09
0.08,0.002170296125945497,0.0032000100698647326,-0.0010666652802859544,-0.0010666638938934575,1.3863924968986197e-09
0.08,0.002273324331895792,0.003200011048626556,-0.0010666651455320708,-0.00106666362438575,1.5211463208833487e-09
0.08,0.00239707317515254,0.0032000122842293713,-0.0010666649754168527,-0.0010666632841553956,1.6912614570537693e-09
0.08,0.002510866931596701,0.0032000134782217346,-0.0010666648110304704,-0.0010666629553827186,1.8556477517778225e-09
0.08,0.002647546451539021,0.003200014985534613,-0.001066664603506766,-0.0010666625403354323,2.0631713336469876e-09
0.08,0.0027732306647720428,0.003200016442086841,-0.001066664402971676,-0.0010666621392653826,2.2637062933785618e-09
0.08,0.0029241920045310257,0.0032000182808589765,-0.0010666641498133322,-0.001066661632948879,2.5168644531784606e-09
0.08,0.003063009123761602,0.003200020057708119,-0.0010666639051804083,-0.0010666611436832272,2.7614971810988043e-09
0.08,0.003229744609161641,0.003200022300827557,-0.0010666635963523406,-0.0010666605260273622,3.07032497841829e-09
0.08,0.0033830669087232244,0.0032000244684070346,-0.0010666632979244443,-0.001066659929171859,3.3687525852633265e-09
0.08,0.003567224800644241,0.0032000272047898832,-0.0010666629211848464,-0.001066659175693068,3.745491778490637e-09
0.08,0.0037365679455902646,0.0032000298490214006,-0.0010666625571324334,-0.0010666584475886756,4.109543757808282e-09
0.08,0.003939968733823343,0.0032000331871363773,-0.0010666620975475299,-0.00106665752841947,4.569128059846855e-09
0.08,0.004127006763008982,0.00320003641283577,-0.0010666616534397446,-0.0010666566402045426,5.01323520196717e-09
0.08,0.004351661162678052,0.003200040485003777,-0.0010666610927918244,-0.001066655518909598,5.573882226432569e-09
0.08,0.004588544667407733,0.003200045012575598,-0.0010666604694447622,-0.0010666542722165828,6.197228179412317e-09
0.08,0.004806371865896536,0.0032000493876749147,-0.001066659867089754,-0.001066653067507747,6.799582006819516e-09
0.08,0.005068007634414647,0.003200054910860982,-0.001066659106668354,-0.0010666515466665964,7.560001757641113e-09
0.08,0.005308595878605822,0.0032000602480454585,-0.0010666583718552016,-0.0010666500770420515,8.294813150146879e-09
0.08,0.005597570306969587,0.0032000669857806963,-0.0010666574442168308,-0.0010666482217677633,9.222449067446126e-09
0.08,0.005863297927967147,0.0032000734966120647,-0.0010666565478180186,-0.0010666464289727565,1.0118845262131054e-08
0.08,0.00618246766810297,0.0032000817159746012,-0.001066655416191724,-0.0010666441657238173,1.1250467906679523e-08
0.08,0.006475961511904057,0.003200089658536371,-0.0010666543226746452,-0.0010666419786935545,1.234398109076218e-08
0.08,0.006828481710992877,0.0032000996853338757,-0.0010666529422036141,-0.0010666392177569248,1.3724446689365732e-08
0.08,0.007152643106130374,0.0032001093744610937,-0.0010666516082221225,-0.001066636549799741,1.5058422381426795e-08
0.08,0.00754199859676283,0.003200121606144882,-0.0010666499241856512,-0.0010666331817348817,1.674245076951908e-08
0.08,0.007900032035340525,0.003200133425903227,-0.0010666482968619208,-0.0010666299270960472,1.8369765873585756e-08
0.08,0.008330071784771877,0.003200148347321889,-0.001066646242506412,-0.0010666258183970624,2.0424109349517078e-08
0.08,0.008725516600418095,0.0032001627662306227,-0.0010666442573349882,-0.0010666218480670535,2.2409267934776073e-08
0.08,0.00920049175947023,0.003200180968847469,-0.0010666417512280296,-0.0010666168358710458,2.4915356983731124e-08
0.08,0.009637257115361803,0.003200198558449472,-0.0010666393295190395,-0.0010666119924721657,2.7337046873800522e-08
0.08,0.010161863043104347,0.003200220763785285,-0.0010666362723216992,-0.0010666058781041337,3.039421756553112e-08
0.08,0.010644266575934484,0.0032002422212999825,-0.0010666333180818634,-0.0010665999696528915,3.3348428971850114e-08
0.08,0.011223689255579098,0.0032002693095298878,-0.0010666295886112877,-0.0010665925107513968,3.7077859890884135e-08
0.08,0.011756499757483368,0.0032002954854865725,-0.001066625984739182,-0.0010665853030494945,4.068168968753352e-08
0.08,0.012396467062334922,0.003200328530323999,-0.0010666214351654985,-0.0010665762039611397,4.523120435877617e-08
0.08,0.012984951622707025,0.0032003604622702405,-0.0010666170388102692,-0.0010665674113136433,4.962749662585329e-08
0.08,0.013691789938960303,0.0032004007735197825,-0.0010666114887974668,-0.0010665563113758589,5.5177421607894434e-08
0.08,0.01434176601217696,0.003200439727140107,-0.0010666061256971362,-0.0010665455852688945,6.054042824173156e-08
0.08,0.01512246277830263,0.0032004889026047106,-0.0010665993552558199,-0.0010665320445169492,6.731073887069478e-08
0.08,0.015945656921677508,0.003200543577351087,-0.0010665918276690789,-0.0010665169895050209,7.483816405798836e-08
0.08,0.0167026284730245,0.0032005964106758995,-0.0010665845535997587,-0.0010665024415387496,8.211206100911667e-08
0.08,0.01761183923713942,0.003200663107958444,-0.0010665753707349273,-0.0010664840760495017,9.129468542560734e-08
0.08,0.018447907724934823,0.003200727558855733,-0.001066566497139329,-0.0010664663291148114,1.0016802451753327e-07
0.08,0.019452123097742708,0.003200808922200167,-0.0010665552950214728,-0.0010664439252368717,1.1136978460106473e-07
0.08,0.020375553463178032,0.003200887545127514,-0.0010665444701860388,-0.001066422275947727,1.22194238311819e-07
0.08,0.021484700599117758,0.003200986799255321,-0.0010665308048126987,-0.0010663949457334694,1.3585907922926063e-07
0.08,0.022504621397779274,0.0032010827102719836,-0.0010665175996933752,-0.0010663685360628814,1.4906363049373844e-07
0.08,0.02372966475249667,0.003201203788848244,-0.0010665009294417802,-0.0010663351963520083,1.6573308977193418e-07
0.08,0.02485615839455051,0.0032013207890503512,-0.0010664848206646494,-0.001066302979643104,1.8184102154551393e-07
0.08,0.026209208113842888,0.0032014684904952545,-0.001066464484832842,-0.0010662623091585695,2.0217567427258283e-07
0.08,0.027453410533533774,0.0032016112165644903,-0.0010664448339593737,-0.0010662230086696393,2.2182528973445706e-07
0.08,0.02894784216799588,0.0032017913940860735,-0.0010664200265924064,-0.0010661733956903422,2.4663090206428553e-07
0.08,0.03032205290774071,0.003201965501899414,-0.0010663960548292358,-0.0010661254540360904,2.7060079314539937e-07
0.08,0.031972639636548415,0.00320218529525228,-0.0010663657927954828,-0.0010660649325797233,3.0086021575947107e-07
0.08,0.03349044343385915,0.0032023976838011672,-0.001066336550149021,-0.0010660064500727174,3.3010007630357267e-07
0.08,0.03531350210478777,0.0032026658019163696,-0.00106629963420503,-0.0010659326220704497,3.6701213458026523e-07
0.08,0.036989903183969206,0.0032029248863668786,-0.0010662639618622882,-0.0010658612815307713,4.026803315168581e-07
0.08,0.03900345561332188,0.003203251951994255,-0.0010662189291685315,-0.0010657712219256847,4.4770724284674303e-07
0.08,0.040855026009482376,0.0032035679966461016,-0.001066175413619105,-0.001065684196996287,4.912166228180238e-07
0.08,0.043078977136456705,0.0032039669665782523,-0.001066120479832916,-0.0010655743380288448,5.461418040712297e-07
0.08,0.045124020518087136,0.0032043524908225143,-0.0010660673969226167,-0.0010654681813890956,5.99215533521151e-07
0.08,0.047580355174722054,0.0032048391682206164,-0.0010660003855856226,-0.0010653341715201876,6.66214065434944e-07
0.08,0.049839087784307214,0.0032053094414416505,-0.0010659356322976722,-0.0010652046786063412,7.309536913309867e-07
0.08,0.05255208802617603,0.0032059031003671048,-0.0010658538887375623,-0.001065041210541329,8.12678196233322e-07
0.08,0.05541277095325444,0.003206563123163862,-0.0010657630060126604,-0.0010648594686464854,9.035373661750098e-07
0.08,0.058043323673594036,0.0032072008917924215,-0.0010656751863792307,-0.0010646838545108179,9.913318684128414e-07
0.08,0.06120292305965891,0.003208005981931006,-0.0010655643251433753,-0.0010644621670906813,1.1021580526939835e-06
0.08,0.0641083456360382,0.003208783919346406,-0.001065457201023988,-0.0010642479562488253,1.209244775162658e-06
0.08,0.06759809564850029,0.0032097659419747866,-0.0010653219712494632,-0.001063977548858561,1.3444223909021141e-06
0.08,0.07080710958768673,0.0032107148337658774,-0.0010651913010539266,-0.0010637162641158947,1.475036938031974e-06
0.08,0.07466150809250671,0.003211912643979889,-0.0010650263489364099,-0.0010633864374950236,1.639911441386234e-06
0.08,0.0782058360486575,0.003213070027135216,-0.001064866960046278,-0.0010630677425208998,1.7992175253781634e-06
0.08,0.08246298563842931,0.003214530998668326,-0.0010646657568480194,-0.0010626654516149845,2.0003052330348596e-06
0.08,0.08637766500686388,0.0032159426372472973,-0.0010644713417133022,-0.0010622767445605864,2.194597152715798e-06
0.08,0.0910796496633622,0.0032177245232204357,-0.0010642259265528338,-0.0010617860860869742,2.4398404658595822e-06
0.08,0.09540337894215335,0.003219446204152234,-0.001063988794355772,-0.001061312005031618,2.6767893241540653e-06
0.08,0.10059668005683922,0.003221619400905368,-0.0010636894610025589,-0.0010607135940231345,2.975866979424346e-06
0.08,0.10537220140017502,0.003223719118180264,-0.0010634002353156157,-0.0010601354154415057,3.2648198741100105e-06
0.08,0.11110815726522083,0.003226369417851722,-0.0010630351509524742,-0.0010594056271651029,3.629523787371334e-06
0.08,0.11638267901026247,0.0032289300273431595,-0.001062682401809379,-0.001058700534755556,3.981867053823177e-06
0.08,0.12271799232238927,0.003232161962254238,-0.0010622371432134179,-0.0010578105836077784,4.426559605639471e-06
0.08,0.12854365566650547,0.0032352844059520824,-0.0010618069396092571,-0.0010569507802603453,4.856159348911801e-06
0.08,0.13554095406055294,0.003239225308367737,-0.0010612639292034588,-0.00105586560158423,5.398327619228829e-06
0.08,0.14197534850226384,0.003243032526234086,-0.0010607392951789431,-0.001054817231907493,5.922063271450147e-06
0.08,0.14970380365563726,0.0032478374510518425,-0.0010600771158465285,-0.0010534941260600468,6.5829897864817105e-06
0.08,0.15681053629464786,0.00325247912130382,-0.0010594373699262599,-0.0010522159706526932,7.221399273566647e-06
0.08,0.1653465477227888,0.00325833680693115,-0.001058629933283121,-0.0010506029610064162,8.026972276704847e-06
0.08,0.17319587204692113,0.0032639950814692064,-0.0010578498870636376,-0.001049044856507651,8.805030555986528e-06
0.08,0.18262382234945293,0.0032711351556584303,-0.0010568654249817234,-0.0010470787043728568,9.786720608866541e-06
0.08,0.1925649849234816,0.0032790697841757034,-0.0010557712330707177,-0.001044893746215973,1.0877486854744736e-05
0.08,0.20170642174785422,0.0032867332589841085,-0.0010547142555667496,-0.0010427834450539514,1.193081051279821e-05
0.08,0.2126863492568954,0.003296402202464321,-0.0010533804261225236,-0.0010401208807000243,1.3259545422499323e-05
0.08,0.22278298663835405,0.003305739665039833,-0.001052092059973671,-0.0010375495819027443,1.454247807092658e-05
0.08,0.23491022097397948,0.003317519178223329,-0.0010504663732000816,-0.001034305783664234,1.616058953584753e-05
0.08,0.24606186905416627,0.0033288932775225122,-0.0010488962444942596,-0.001031173604901904,1.7722639592355604e-05
0.08,0.2594562937905848,0.0033432398625587627,-0.0010469152302206232,-0.0010272228384267607,1.9692391793862517e-05
0.08,0.2717731920019339,0.003357090338824054,-0.001045002136190723,-0.0010234086595049437,2.1593476685779264e-05
0.08,0.2865672175030764,0.003374557183206863,-0.0010425887136162677,-0.0010185985538077634,2.3990159808504313e-05
0.08,0.300171124338899,0.003391416533066294,-0.0010402583627053107,-0.001013955699590878,2.6302663114432688e-05
0.08,0.31651099669888033,0.003412672978538004,-0.0010373190166758687,-0.0010081018816733827,2.921713500248597e-05
0.08,0.3315363933549332,0.0034331849437583177,-0.0010344813309238962,-0.0010024530268939325,3.2028304029963666e-05
0.08,0.34958364011139254,0.0034590393727819773,-0.001030902749970683,-0.0009953328148842983,3.556993508638468e-05
0.08,0.36617905989751054,0.003483980576333723,-0.0010274486624461756,-0.0009884640223315185,3.898464011465718e-05
0.08,0.38611208680941295,0.0035154070551957056,-0.0010230937606377436,-0.0009798090849564912,4.328467568125247e-05
0.08,0.4044415834730845,0.003545712039160258,-0.0010188914399925325,-0.0009714629085800454,4.7428531412487115e-05
0.08,0.42645743814789255,0.0035838809373786797,-0.0010135946872438868,-0.0009609508333042057,5.2643853939681124e-05
0.08,0.446702207624866,0.0036206707082932716,-0.0010084851275835934,-0.0009508184608107833,5.766666677281009e-05
0.08,0.47101852742940326,0.0036669832796609628,-0.001002047125840202,-0.0009380632407588915,6.398388508131053e-05
0.08,0.49337869905310766,0.003711597192195733,-0.0009958390577978235,-0.0009257757298643515,7.006332793347203e-05
0.08,0.5202358625641429,0.003767723689689457,-0.0009880203303453243,-0.0009103172996049872,7.770303074033707e-05
0.08,0.5449324774408978,0.0038217540316313166,-0.000980484445995226,-0.0008954360983790867,8.504834761613933e-05
0.08,0.574595980703588,0.0038896742437675145,-0.0009709984646120349,-0.0008767292487276617,9.426921588437322e-05
0.08,0.6058742224196524,0.0039648133262773656,-0.0009604875688188632,-0.000856034185510263,0.00010445338330860026
0.08,0.6346362578954489,0.004037046134399449,-0.000950366591882909,-0.0008361397357380619,0.00011422685614484712
0.08,0.669182803542923,0.004127708069139985,-0.0009376401905980562,-0.000811169921110258,0.00012647026948779823
0.08,0.7009502213056863,0.004214761383369402,-0.0009253958709999077,-0.0007871946204653681,0.00013820125053453963
0.08,0.7391065801895089,0.004323882298915039,-0.0009100135641505092,-0.0007571429224451839,0.00015287064170532532
0.08,0.7741934165214894,0.004428508837852719,-0.0008952288884943314,-0.0007283306321810617,0.0001668982563132696
0.08,0.8163367826955676,0.004559446313939021,-0.0008766762293765519,-0.0006922756909603544,0.00018440053841619751
0.08,0.8550898879363177,0.004684767306668049,-0.0008588667795192376,-0.0006577710277947187,0.00020109575172451888
0.08,0.9016368689491064,0.004841290671632494,-0.0008365500327782633,-0.0006146816341168906,0.00022186839866137275
0.08,0.9444393362787663,0.004990769568897217,-0.000815160902255283,-0.00057353921325264,0.00024162168900264294
0.08,0.9958500715402862,0.005177003698542213,-0.0007884059081023017,-0.0005222928420396885,0.0002661130660626133
0.08,1.0431250240408683,0.0053543682667801865,-0.0007628134967281209,-0.00047350227146539145,0.0002893112252627294
0.08,1.0999077335232321,0.0055746633984220355,-0.0007308719403492936,-0.00041292625863836527,0.0003179456817109283
0.08,1.1521225069548449,0.005783747582028955,-0.0007003941892115692,-0.00035546176687629625,0.0003449324223352729
0.08,1.2148385151923642,0.006042436555891031,-0.0006624622625328691,-0.00028440916383990167,0.0003780530986929674
0.08,1.2725092778331346,0.006286902662274214,-0.0006263826260198775,-0.00021731621048509095,0.00040906641553478657
0.08,1.3417785628867167,0.006587893481489168,-0.0005816393655758312,-0.00013479267033016595,0.0004468466952456653
0.08,1.4054754181057532,0.006870782656077948,-0.0005392521058124756,-5.732787532336948e-05,0.0004819242304891061
0.08,1.4819827403457506,0.007216919523577543,-0.0004869276035668359,3.7309508098483336e-05,0.0005242371116653192
0.08,1.5523353623505516,0.007539965983603296,-0.00043761474825603636,0.0001254650821176799,0.0005630798303737163
0.08,1.6368370336440763,0.007932079405639642,-0.0003771016889242855,0.00023221274069385096,0.0006093144296181364
0.08,1.714540892114486,0.008294715948741215,-0.0003204547503323674,0.00033064550532733365,0.000651100255659701
0.08,1.8078722523338298,0.008730279491944465,-0.0002514794150836071,0.0004484392103651214,0.0006999186254487285
0.08,1.8936954874760494,0.009128267490401775,-0.00018748045785587362,0.0005555837611768101,0.0007430642190326837
0.08,1.9967791622371711,0.009599599602287867,-0.00011034926341478861,0.0006817547862060735,0.0007921040496208621
0.08,2.1054742164795943,0.01008441288142354,-2.9292520664658513e-05,0.000810551927128442,0.0008398444477931005
0.08,2.2054251994838086,0.010515271483167263,4.4446220827316354e-05,0.0009239923333253042,0.0008795461124979879
0.08,2.3254779405275006,0.011008830258204353,0.00013128231037802757,0.0010524666744984544,0.0009211843641204269
0.08,2.435872931019939,0.01143503182078361,0.00020878417378640925,0.0011618088606942445,0.0009530246869078352
0.08,2.568470138248514,0.01190602876647737,0.0002979961535658433,0.0012803734440613916,0.0009823772904955484
0.08,2.6904004440796463,0.012294565269999887,0.0003754820992476718,0.0013757445702740905,0.0010002624710264186
0.08,2.8368529049894575,0.01269853628000231,0.0004617624680479792,0.0014714733697826505,0.0010097109017346713
0.08,2.971523866178508,0.013004571120105283,0.0005336959485835867,0.001540289530845237,0.0010065935822616502
0.08,3.13327933414676,0.013283872385659493,0.0006097262125462341,0.001597730303123067,0.0009880040905768327
0.08,3.2820222382505175,0.013452149106207602,0.0006689326453302334,0.0016260529217847928,0.0009571202764545594
0.08,3.4606797442772694,0.013539783284815001,0.0007258595337267201,0.0016296921745079032,0.0009038326407811831
0.08,3.624964986811199,0.013510436022372427,0.0007643240140196236,0.0016053030296563414,0.0008409790156367178
0.08,3.8222906467138578,0.013340103605797224,0.0007931951831504767,0.001544182603128806,0.0007509874199783294
0.08,4.00374226672261,0.013060817088553575,0.0008038223592664138,0.0014615039322663443,0.0006576815729999305
0.08,4.221686740044587,0.012584802944558554,0.0007981606923361018,0.0013355204124115448,0.000537359720075443
0.08,4.422098474513064,0.01202963426745464,0.0007774239523283182,0.0012011938038340238,0.00042376985150570563
0.08,4.662816247736422,0.011242785744746707,0.0007364584232160262,0.0010265940611999102,0.000290135637983884
0.08,4.884169263547049,0.01043350551543587,0.0006870684325253349,0.0008624796206952003,0.00017541118816986542
0.08,5.150039948232894,0.009394790189126014,0.0006180676991271483,0.0006718628408791429,5.379514175199451e-05
0.08,5.394522426958056,0.008413759400165524,0.0005498861734975801,0.0005110676410404452,-3.881853245713495e-05
0.08,5.688174283357251,0.007249543970011681,0.00046738121450686805,0.00034376730544350646,-0.0001236139090633616
0.08,5.958203052491971,0.006229206481552509,0.00039489952153792536,0.00021822571770224839,-0.00017667380383567697
0.08,6.282538971168309,0.005103865203545774,0.0003158093463344649,0.00010339444286190007,-0.00021241490347256484
0.08,6.580783395638406,0.004186789449882646,0.00025264810360357424,2.9238072037440907e-05,-0.00022341003156613334
0.08,6.939009593945253,0.0032459458274829603,0.00018962406187297446,-2.7097234144118334e-05,-0.0002167212960170928
0.08,7.316735903627646,0.002439839928134199,0.00013752659467198137,-5.760598993076292e-05,-0.0001951325846027443
0.08,7.664075681158914,0.0018518380558522293,0.000100946835901984,-6.802262611240584e-05,-0.00016896946201438984
0.08,8.081271101481827,0.0013110676770061403,6.865293080065304e-05,-6.725186731578608e-05,-0.00013590479811643913
0.08,8.46490486160796,0.0009435472420256923,4.7638622575047044e-05,-5.996282394441521e-05,-0.00010760144651946225
0.08,8.925693570990608,0.0006280880411252807,3.0383529190324702e-05,-4.8304770889328125e-05,-7.868830007965282e-05
0.08,9.349413718894663,0.0004279746330068684,1.992836409250082e-05,-3.765384202031263e-05,-5.7582206112813454e-05
0.08,9.858350836493353,0.0002673778590790979,1.1912173770104214e-05,-2.6713944395762953e-05,-3.8626118165867166e-05
0.08,10.326346050680995,0.00017217993837134306,7.377134602566313e-06,-1.889031509308838e-05,-2.6267449695654694e-05
0.08,10.888462665944173,0.0001007024735518358,4.124854892606822e-06,-1.2104876754679514e-05,-1.622973164728634e-05
0.08,11.405359305355669,6.112222286049543e-05,2.4063557541391164e-06,-7.871777643902753e-06,-1.0278133398041869e-05
0.08,12.026212212775315,3.334575284365228e-05,1.2543503038575339e-06,-4.6000779966547925e-06,-5.854428300512326e-06
0.08,12.597120050580168,1.9006909967593048e-05,6.868839267577281e-07,-2.7643215033710425e-06,-3.4512054301287707e-06
0.08,13.282846681291819,9.626528525870498e-06,3.32230354833324e-07,-1.4769838582051329e-06,-1.8092142130384567e-06
0.08,13.913409417466864,5.12896535217133e-06,1.6998149760772305e-07,-8.204290726015098e-07,-9.90410570209233e-07
0.08,14.670788510723334,2.3974789636391354e-06,7.584110540480547e-08,-4.0022916274344977e-07,-4.7607026814825524e-07
0.08,15.36723956275546,1.1873256242881939e-06,3.605191297852747e-08,-2.0498904934170606e-07,-2.4104096232023355e-07
0.08,16.203758177041568,5.086895052497873e-07,1.473558273530836e-08,-9.093150184039676e-08,-1.0566708457570512e-07
0.08,16.972982300273024,2.3264477757461975e-07,6.465811279654955e-09,-4.275147914617244e-08,-4.92172904258274e-08
0.08,17.896909826498213,9.06308048601736e-08,2.4018336468744725e-09,-1.7140708687147485e-08,-1.9542542334021958e-08
0.08,18.74651117326146,3.799421670415881e-08,9.65632115236005e-10,-7.352992347327859e-09,-8.318624462563864e-09
0.08,19.766981081686826,1.3337786409203494e-08,3.23076506612739e-10,-2.6442520399810975e-09,-2.9673285465938364e-09
0.08,20.705358372026563,5.0826850349262286e-09,1.180221050208894e-10,-1.0273879790189402e-09,-1.1454100840398296e-09
0.08,21.83245850103368,1.5916473396615397e-09,3.5208447336257064e-11,-3.283656327651683e-10,-3.6357408010142537e-10
0.08,22.86888804811485,5.462060879127554e-10,1.1578128055980575e-11,-1.1455997696870288e-10,-1.2613810502468346e-10
0.08,24.11376032736518,1.5086444427595233e-10,3.0451958063636943e-12,-3.2198864198835555e-11,-3.524406000519925e-11
0.08,25.426397466384177,3.877394349860656e-11,7.451144215396796e-13,-8.409723352466989e-12,-9.154837774006668e-12
0.08,26.633438332109066,1.109944874360398e-11,2.0428432386158472e-13,-2.43904669488083e-12,-2.6433310187424146e-12
0.08,28.08323462351637,2.4666275937644506e-12,4.320461588024844e-14,-5.496117423534313e-13,-5.928163582336797e-13
0.08,29.416400750457523,6.178367628093781e-13,1.0361307456974915e-14,-1.3923299372790224e-13,-1.4959430118487716e-13
0.08,31.01768813148436,1.1697838748422452e-13,1.866326054161683e-15,-2.6681665303463506e-14,-2.854799135762519e-14
0.08,32.49015851131349,2.5291263915469097e-14,3.862192585728048e-16,-5.825815066280824e-15,-6.212034324853629e-15
0.08,34.258766481849065,4.013452916508491e-15,5.828566923831239e-17,-9.34273642046438e-16,-9.925593112847503e-16
0.08,35.885097196123084,7.3778421276906e-16,1.0251496630159705e-17,-1.7323048547672395e-16,-1.8348198210688366e-16
0.08,37.838509300973534,9.636625581139993e-17,1.272584326346109e-18,-2.2835862647194192e-17,-2.4108446973540302e-17
0.08,39.63477741503764,1.481343451108911e-17,1.8698039481625065e-19,-3.536855593206579e-18,-3.72383598802283e-18
0.08,41.79230407721851,1.561202051941972e-18,1.8680947218779337e-20,-3.757502142010546e-19,-3.94431161419834e-19
0.08,43.77626656976965,1.9709102034810777e-19,2.2417514282334534e-21,-4.7742622653338704e-20,-4.998437408157216e-20
0.08,46.1592359833731,1.641363949657165e-20,1.739060002908551e-22,-4.001931346397838e-21,-4.175837346688693e-21
0.08,48.35050528277872,1.6726676184008276e-21,1.610291705859914e-23,-4.0961009889182243e-22,-4.257130159504215e-22
0.08,50.98247425248283,1.0858134922942668e-22,8.139359793066152e-25,-2.6626330831704085e-23,-2.7440266811010697e-23
0.08,53.40271211511652,8.986693981547142e-24,2.706036496713231e-26,-2.1877412408412722e-24,-2.2148016058084046e-24
0.08,56.3096989265883,4.907387452768387e-25,-5.315954557879636e-27,-1.1519129286967851e-25,-1.098753383117989e-25
0.08,58.982830573763884,4.2042477428499503e-26,-1.666595699684842e-27,-9.016027343384947e-27,-7.349431643700105e-27
0.08,62.193572196990736,4.003923530175745e-27,-3.4838823350480156e-28,-7.222692896783795e-28,-3.7388105617357797e-28
0.08,65.14602282734165,9.58789679567738e-28,-1.165880622975101e-28,-1.4937490673966476e-28,-3.278684444215466e-29
0.08,68.6922589954728,3.1773943057673485e-28,-4.1119270620212804e-29,-4.814852411522974e-29,-7.029253495016934e-30
0.08,71.9532150108154,1.4054858458008472e-28,-1.9091488215636546e-29,-2.0809770517401744e-29,-1.7182823017651975e-30
0.08,75.87000198276802,5.248737282152211e-29,-6.793167492605924e-30,-8.100234370380107e-30,-1.3070668777741833e-30
0.08,80.0,1.184988426765023e-29,-1.21001916236175e-30,-2.087038363609141e-30,-8.770192012473909e-31
0.12,1e-05,0.007200000000595842,-0.0023999999998841576,-0.0023999999998818547,2.3028454143592114e-15
0.12,1.047471957729e-05,0.007200000000642722,-0.0023999999998829706,-0.002399999999859818,2.3152486872124456e-14
0.12,1.1044912933751135e-05,0.007200000000701903,-0.0023999999998792904,-0.0023999999998330886,4.620175769742829e-14
0.12,1.1569236573662653e-05,0.007200000000759089,-0.002399999999874084,-0.0023999999998080826,6.600145777135857e-14
0.12,1.2199010171414309e-05,0.007200000000831283,-0.002399999999865893,-0.0023999999997773263,8.856674074686488e-14
0.12,1.2778121066607328e-05,0.0072000000009010455,-0.0023999999998567524,-0.0023999999997482173,1.0853514267883391e-13
0.12,1.347370052212158e-05,0.007200000000989116,-0.0023999999998440126,-0.0023999999997120713,1.3194133285931997e-13
0.12,1.4113323463760912e-05,0.0072000000010742195,-0.002399999999830795,-0.002399999999677596,1.5319906801480876e-13
0.12,1.4881584916227004e-05,0.007200000001181657,-0.0023999999998132147,-0.002399999999634521,1.786938652603709e-13
0.12,1.5588042886310657e-05,0.007200000001285475,-0.0023999999997955544,-0.002399999999593232,2.02322533726651e-13
0.12,1.6436580971595142e-05,0.007200000001416539,-0.0023999999997725984,-0.00239999999954144,2.3115840838694446e-13
0.12,1.7216857648687992e-05,0.007200000001543184,-0.002399999999749913,-0.002399999999491641,2.5827213631646195e-13
0.12,1.8154060575981896e-05,0.007200000001703068,-0.0023999999997207826,-0.002399999999429022,2.917605393393252e-13
0.12,1.9015869372254613e-05,0.007200000001857564,-0.0023999999996922624,-0.0023999999993686958,3.2356669427136e-13
0.12,2.005100184557644e-05,0.007200000002052606,-0.0023999999996558944,-0.002399999999292724,3.631704312279105e-13
0.12,2.1002862157613703e-05,0.007200000002241079,-0.0023999999996204774,-0.0023999999992194458,4.010316384528423e-13
0.12,2.214615696188751e-05,0.00720000000247901,-0.0023999999995754917,-0.002399999999127076,4.4841561019914877e-13
0.12,2.3197478389041985e-05,0.007200000002708927,-0.0023999999995318174,-0.002399999999037918,4.938996260583917e-13
0.12,2.446023754612341e-05,0.007200000002999179,-0.002399999999476482,-0.0023999999989254652,5.51016697547535e-13
0.12,2.5621412908954276e-05,0.007200000003279658,-0.0023999999994228616,-0.0023999999988168737,6.059879160968951e-13
0.12,2.7016119403580353e-05,0.007200000003633734,-0.002399999999355016,-0.002399999998679862,6.751539431693043e-13
0.12,2.8298627481908734e-05,0.007200000003975888,-0.002399999999289343,-0.0023999999985475215,7.41821534755438e-13
0.12,2.983906866203702e-05,0.007200000004407829,-0.0023999999992063274,-0.0023999999983805075,8.25819881228318e-13
0.12,3.1255587668233905e-05,0.007200000004825223,-0.0023999999991260244,-0.0023999999982191587,9.068657283450854e-13
0.12,3.295699153964209e-05,0.0072000000053521465,-0.0023999999990245643,-0.002399999998015512,1.0090522167827132e-12
0.12,3.4751011655043805e-05,0.007200000005938,-0.002399999998911682,-0.0023999999977891294,1.1225525717306617e-12
0.12,3.6400710211371955e-05,0.007200000006504122,-0.002399999998802551,-0.002399999997570395,1.2321558703898283e-12
0.12,3.8382189808972975e-05,0.007200000007218805,-0.0023999999986647268,-0.0023999999972942896,1.3704371838729745e-12
0.12,4.020426750113091e-05,0.007200000007909419,-0.0023999999985315082,-0.0023999999970274995,1.5040087231188437e-12
0.12,4.2392794464681653e-05,0.007200000008781262,-0.0023999999983632904,-0.002399999996690722,1.672568333832558e-12
0.12,4.4405263411523204e-05,0.007200000009623741,-0.0023999999982007077,-0.0023999999963652996,1.835408127565108e-12
0.12,4.682247238808159e-05,0.007200000010687303,-0.002399999997995434,-0.0023999999959544963,2.040937731317971e-12
0.12,4.904522681805586e-05,0.007200000011715044,-0.002399999997797049,-0.0023999999955575378,2.239511093932167e-12
0.12,5.1715013086932764e-05,0.0072000000130124815,-0.0023999999975465864,-0.0023999999950564213,2.490165192103877e-12
0.12,5.417002600215032e-05,0.007200000014266227,-0.0023999999973045396,-0.002399999994572191,2.732348635542392e-12
0.12,5.71187816912974e-05,0.007200000015848973,-0.0023999999969989655,-0.002399999993960896,3.0380693620546406e-12
0.12,5.9830322081278526e-05,0.007200000017378416,-0.002399999996703666,-0.002399999993370196,3.333470218608303e-12
0.12,6.308719706623182e-05,0.007200000019309211,-0.002399999996330869,-0.0023999999926244916,3.7063772190260025e-12
0.12,6.608206981860106e-05,0.007200000021174982,-0.0023999999959706127,-0.0023999999919039052,4.06670747424287e-12
0.12,6.967925988309304e-05,0.007200000023530358,-0.0023999999955158133,-0.00239999999099423,4.521583194666556e-12
0.12,7.298707076285124e-05,0.007200000025806418,-0.002399999995076326,-0.0023999999901151933,4.961132633179988e-12
0.12,7.696013586969808e-05,0.0072000000286797415,-0.0023999999945215015,-0.0023999999890054868,5.516014728312868e-12
0.12,8.061358418652248e-05,0.007200000031456304,-0.0023999999939853557,-0.0023999999879331544,6.052201274864277e-12
0.12,8.500180000504746e-05,0.00720000003496148,-0.002399999993308515,-0.0023999999865794283,6.7290869057434755e-12
0.12,8.903700186177581e-05,0.007200000038348611,-0.0023999999926544615,-0.0023999999852712933,7.383168295488352e-12
0.12,9.388374802678759e-05,0.007200000042624576,-0.002399999991828774,-0.002399999983619886,8.208887996435932e-12
0.12,9.834059334455514e-05,0.007200000046756542,-0.00239999999103089,-0.0023999999820240913,9.006798779020997e-12
0.12,0.00010369378228500988,0.0072000000519727965,-0.002399999990023626,-0.002399999980009542,1.0014083746262559e-11
0.12,0.000108616329134404,0.007200000057013389,-0.0023999999890502817,-0.0023999999780628346,1.0987447063293132e-11
0.12,0.00011452887971092798,0.0072000000633767,-0.0023999999878215154,-0.002399999975605284,1.22162314986074e-11
0.12,0.0001207632811048988,0.007200000070451645,-0.002399999986455328,-0.0023999999728728984,1.3582429451985956e-11
0.12,0.00012649615048072576,0.007200000077288332,-0.002399999985135149,-0.002399999970232529,1.4902619936696393e-11
0.12,0.00013338199253977207,0.007200000085919067,-0.0023999999834685365,-0.0023999999668992906,1.6569245975261992e-11
0.12,0.0001397138968514299,0.007200000094259148,-0.0023999999818580453,-0.0023999999636783024,1.8179742867358017e-11
0.12,0.00014731924945320273,0.0072000001047877885,-0.00239999997982494,-0.002399999959612082,2.021285786316107e-11
0.12,0.000154312782635913,0.007200000114961864,-0.0023999999778602987,-0.0023999999556827962,2.2177502456005582e-11
0.12,0.00016271282836761902,0.007200000127805764,-0.0023999999753801108,-0.0023999999507224113,2.4657699493335627e-11
0.12,0.0001704371248778523,0.007200000140217129,-0.0023999999729834437,-0.002399999945929072,2.7054371763701734e-11
0.12,0.00017971490225247435,0.007200000155885412,-0.0023999999699578574,-0.0023999999398778924,3.007996499451715e-11
0.12,0.00018824632049547498,0.007200000171026051,-0.0023999999670341597,-0.0023999999340304943,3.3003665338843247e-11
0.12,0.00019849354482761748,0.007200000190139806,-0.002399999963343242,-0.002399999926648655,3.6694587039060034e-11
0.12,0.0002079164219971535,0.007200000208609884,-0.0023999999597766183,-0.002399999919515409,4.026120929701005e-11
0.12,0.0002192343920532665,0.007200000231926775,-0.0023999999552740633,-0.0023999999105102955,4.4763767779315566e-11
0.12,0.00022964187784556194,0.007200000254458444,-0.002399999950923138,-0.002399999901808441,4.9114696684671166e-11
0.12,0.00024214247723121924,0.007200000282902741,-0.0023999999454304643,-0.0023999998908230957,5.460736854021042e-11
0.12,0.0002536374546747345,0.007200000310389145,-0.0023999999401227642,-0.002399999880207694,5.991507030095322e-11
0.12,0.0002674442578581633,0.007200000345088375,-0.002399999933422251,-0.0023999998668066593,6.661559151521779e-11
0.12,0.0002801403603620695,0.007200000378619065,-0.00239999992694738,-0.0023999998538569204,7.309045946604642e-11
0.12,0.0002953898542675101,0.007200000420948691,-0.0023999999187734105,-0.0023999998375089865,8.126442400946399e-11
0.12,0.0003094125889428728,0.0072000004618528145,-0.0023999999108747123,-0.0023999998217115867,8.916312566747964e-11
0.12,0.0003262555221898088,0.007200000513490769,-0.0023999999009032824,-0.002399999801768724,9.913455820131922e-11
0.12,0.0003417435105480559,0.007200000563389752,-0.0023999998912676516,-0.002399999782497461,1.0877019077093486e-10
0.12,0.00036034638367419533,0.007200000626382941,-0.002399999879103491,-0.002399999758169143,1.2093434803919778e-10
0.12,0.00037745273196777395,0.007200000687254763,-0.002399999867348975,-0.0023999997346601087,1.3268886640480093e-10
0.12,0.00039799944336735683,0.00720000076410022,-0.002399999852509907,-0.0023999997049819694,1.47527937782721e-10
0.12,0.0004196646189177665,0.007200000849539576,-0.0023999998360113278,-0.002399999671984818,1.640265098225291e-10
0.12,0.00043958691996738716,0.007200000932101662,-0.002399999820068363,-0.002399999640098882,1.799694807243235e-10
0.12,0.00046351591773225847,0.007200001036329221,-0.0023999997999417312,-0.002399999599845625,2.000961063508555e-10
0.12,0.0004855199257855619,0.007200001137046797,-0.002399999780492892,-0.0023999995609479408,2.195449512291947e-10
0.12,0.0005119492954760548,0.007200001264194096,-0.0023999997559403935,-0.0023999995118429494,2.4409744408052103e-10
0.12,0.0005362525307902849,0.007200001387059567,-0.0023999997322147314,-0.002399999464391626,2.6782310527315167e-10
0.12,0.0005654435395028259,0.007200001542166692,-0.0023999997022631195,-0.0023999994044883984,2.977747211134474e-10
0.12,0.0005922862513082402,0.007200001692050401,-0.0023999996733201595,-0.002399999346602481,3.267176785191894e-10
0.12,0.0006245274662760788,0.007200001881265732,-0.002399999636782155,-0.002399999273526473,3.63255682044733e-10
0.12,0.0006541750077557356,0.00720000206410902,-0.002399999601474609,-0.0023999992029113855,3.985632236573611e-10
0.12,0.0006897851489755495,0.007200002294932994,-0.002399999556901861,-0.0023999991137658907,4.431359701927151e-10
0.12,0.0007225306004098072,0.0072000025179837016,-0.002399999513830153,-0.002399999027622474,4.862076787189029e-10
0.12,0.00076186169134295,0.007200002799566095,-0.00239999945945581,-0.0023999989188737965,5.405820136146489e-10
0.12,0.000798028757349726,0.0072000030716658754,-0.002399999406912589,-0.002399998813787358,5.931252312213475e-10
0.12,0.0008414696048443262,0.0072000034151685184,-0.0023999993405812788,-0.0023999986811247377,6.594565410238118e-10
0.12,0.0008814158143557344,0.007200003747103306,-0.002399999276483749,-0.0023999985529296886,7.235540604166868e-10
0.12,0.0009293958521903563,0.007200004166142518,-0.002399999195566116,-0.002399998391094428,8.044716880498126e-10
0.12,0.0009735160927990438,0.007200004571070091,-0.002399999117373478,-0.0023999982347091614,8.826643166370829e-10
0.12,0.0010265096268431925,0.007200005082256435,-0.0023999990186619777,-0.0023999980372861707,9.81375807007634e-10
0.12,0.0010752400484571039,0.007200005576227974,-0.0023999989232747028,-0.002399997846511631,1.076763071934661e-09
0.12,0.0011337709454140438,0.007200006199824683,-0.002399998802856444,-0.002399997605675134,1.1971813102494566e-09
0.12,0.0011875932718091063,0.007200006802421036,-0.002399998686493412,-0.00239999737294909,1.3135443219236542e-09
0.12,0.0012522401378914823,0.007200007563147258,-0.0023999985395950626,-0.0023999970791524165,1.4604426461575781e-09
0.12,0.0013116864287840225,0.007200008298255119,-0.002399998397643686,-0.002399996795249697,1.6023939891987582e-09
0.12,0.001383088329515995,0.007200009226265752,-0.002399998218442249,-0.0023999964368468596,1.7815953894453895e-09
0.12,0.0014583770063220805,0.007200010258059084,-0.002399998019200079,-0.002399996038362568,1.9808375109446608e-09
0.12,0.0015276090179191463,0.007200011255105541,-0.002399997826667626,-0.002399995653297713,2.173369912858436e-09
0.12,0.0016107647059412024,0.0072000125137911646,-0.0023999975836119136,-0.002399995167186362,2.4164255518419053e-09
0.12,0.0016872308599730065,0.00720001373008903,-0.002399997348741391,-0.0023999946974453987,2.6512959922127266e-09
0.12,0.0017790755933879828,0.007200015265560741,-0.0023999970522375035,-0.002399994104437729,2.9477997742430317e-09
0.12,0.0018635317947539908,0.00720001674932357,-0.0023999967657187394,-0.002399993531400315,3.2343184246282075e-09
0.12,0.0019649735031531924,0.0072000186224468275,-0.0023999964040133733,-0.00239999280798975,3.5960236234068577e-09
0.12,0.0020582546422334837,0.007200020432490352,-0.0023999960544888754,-0.0023999921089409245,3.945547950856554e-09
0.12,0.002170296125945497,0.007200022717514954,-0.002399995613244181,-0.0023999912264517755,4.386792405459278e-09
0.12,0.002273324331895792,0.0072000249255885,-0.0023999951868589383,-0.0023999903736815487,4.813177389637047e-09
0.12,0.00239707317515254,0.007200027713091793,-0.0023999946485841563,-0.002399989297132342,5.351451814235991e-09
0.12,0.002510866931596701,0.007200030406722383,-0.0023999941284364415,-0.0023999882568372924,5.8715991491618824e-09
0.12,0.002647546451539021,0.007200033807199681,-0.0023999934717945917,-0.0023999869435541257,6.528240466003449e-09
0.12,0.0027732306647720428,0.007200037093161513,-0.0023999928372659732,-0.002399985674497461,7.162768512428835e-09
0.12,0.0029241920045310257,0.007200041241406028,-0.0023999920362280667,-0.0023999840724224413,7.96380562537169e-09
0.12,0.003063009123761602,0.007200045249952931,-0.0023999912621661262,-0.0023999825242994074,8.737866718806081e-09
0.12,0.003229744609161641,0.007200050310398848,-0.0023999902849794015,-0.002399980569927133,9.715052268297747e-09
0.12,0.0033830669087232244,0.007200055200427385,-0.002399989340700697,-0.0023999786813709866,1.0659329710560606e-08
0.12,0.003567224800644241,0.0072000613736678465,-0.0023999881486299565,-0.0023999762972312633,1.1851398693148163e-08
0.12,0.0037365679455902646,0.007200067339015802,-0.002399986996703773,-0.002399973993380768,1.3003323005161826e-08
0.12,0.003939968733823343,0.007200074869754165,-0.0023999855424959742,-0.0023999710849677844,1.4457528189817243e-08
0.12,0.004127006763008982,0.007200082146883978,-0.002399984137260589,-0.0023999682744998115,1.5862760777661522e-08
0.12,0.004351661162678052,0.007200091333633485,-0.0023999823632717757,-0.002399964726526071,1.763674570449958e-08
0.12,0.004588544667407733,0.007200101547765936,-0.0023999803908919762,-0.0023999607817712884,1.960912068789053e-08
0.12,0.004806371865896536,0.007200111417921577,-0.002399978484934877,-0.002399956969862224,2.1515072653154055e-08
0.12,0.005068007634414647,0.007200123878141316,-0.0023999760788281513,-0.0023999521576559286,2.3921172222739207e-08
0.12,0.005308595878605822,0.007200135918742668,-0.002399973753750634,-0.0023999475075085347,2.624624209938628e-08
0.12,0.005597570306969587,0.007200151118961291,-0.002399970818540666,-0.0023999416370992506,2.9181441415625925e-08
0.12,0.005863297927967147,0.007200165807285936,-0.002399967982178452,-0.0023999359643861896,3.2017792262525185e-08
0.12,0.00618246766810297,0.007200184350024114,-0.0023999644015159126,-0.002399928803076965,3.5598438947494204e-08
0.12,0.006475961511904057,0.007200202268300706,-0.0023999609414380547,-0.0023999218829381702,3.90584998844791e-08
0.12,0.006828481710992877,0.0072002248885701895,-0.0023999565733887757,-0.0023999131468632044,4.3426525571290536e-08
0.12,0.007152643106130374,0.0072002467470559574,-0.00239995235244118,-0.0023999047049931897,4.764744799016715e-08
0.12,0.00754199859676283,0.007200274341492607,-0.0023999470238602566,-0.0023998940478664565,5.297599380005291e-08
0.12,0.007900032035340525,0.007200301006624972,-0.0023999418747292873,-0.0023998837496419807,5.812508730666105e-08
0.12,0.008330071784771877,0.007200334669027284,-0.0023999353743981732,-0.002399870749032006,6.462536616741107e-08
0.12,0.008725516600418095,0.007200367197765071,-0.002399929092978924,-0.0023998581862492542,7.090672966966402e-08
0.12,0.00920049175947023,0.007200408262446289,-0.0023999211632335245,-0.00239984232683622,7.883639730442427e-08
0.12,0.009637257115361803,0.007200447944161125,-0.0023999135005399437,-0.0023998270015320273,8.649900791642129e-08
0.12,0.010161863043104347,0.007200498038832506,-0.002399903827057999,-0.002399807654683858,9.617237414121307e-08
0.12,0.010644266575934484,0.007200546446410078,-0.0023998944793543445,-0.002399788959400022,1.0551995432246317e-07
0.12,0.011223689255579098,0.007200607556690209,-0.0023998826786974124,-0.0023997653582583634,1.1732043904899223e-07
0.12,0.011756499757483368,0.007200666608865458,-0.0023998712754599925,-0.002399742551967268,1.287234927243447e-07
0.12,0.012396467062334922,0.007200741156970777,-0.0023998568798764934,-0.002399713761056547,1.431188199462613e-07
0.12,0.012984951622707025,0.0072008131943659135,-0.0023998429691088102,-0.0023996859397946075,1.5702931420273625e-07
0.12,0.013691789938960303,0.007200904135098657,-0.002399825407996112,-0.0023996508179505967,1.745900455154062e-07
0.12,0.01434176601217696,0.0072009920129748805,-0.0023998084383156895,-0.002399616878996664,1.9155931902563664e-07
0.12,0.01512246277830263,0.0072011029508089455,-0.0023997870156069563,-0.0023995740341467477,2.1298146020854586e-07
0.12,0.015945656921677508,0.007201226294625128,-0.002399763197196429,-0.0023995263980272777,2.3679916915124097e-07
0.12,0.0167026284730245,0.007201345484103084,-0.0023997401809747318,-0.002399480366332439,2.598146422927092e-07
0.12,0.01761183923713942,0.007201495949770945,-0.002399711125074788,-0.0023994222555766263,2.8886949816160287e-07
0.12,0.018447907724934823,0.007201641347451688,-0.0023996830477794294,-0.0023993661020998694,3.169456795600392e-07
0.12,0.019452123097742708,0.007201824898323238,-0.0023996476027600645,-0.002399295213614869,3.523891451955724e-07
0.12,0.020375553463178032,0.007202002266594851,-0.0023996133515616783,-0.002399226712875834,3.866386858444523e-07
0.12,0.021484700599117758,0.007202226176993024,-0.0023995701125967142,-0.002399140237258075,4.2987533863938707e-07
0.12,0.022504621397779274,0.007202442544997173,-0.0023995283300053123,-0.002399056674542226,4.716554630863033e-07
0.12,0.02372966475249667,0.007202715688316021,-0.002399475583417954,-0.0023989511848083542,5.243986095997653e-07
0.12,0.02485615839455051,0.0072029796303123995,-0.002399424613507043,-0.002398849248657702,5.753648493413317e-07
0.12,0.026209208113842888,0.007203312830381155,-0.0023993602688885214,-0.0023987205645411075,6.397043474139219e-07
0.12,0.027453410533533774,0.007203634805228922,-0.0023992980917061577,-0.0023985962156395663,7.018760665913198e-07
0.12,0.02894784216799588,0.007204041264807967,-0.0023992195991243354,-0.0023984392380958456,7.803610284897941e-07
0.12,0.03032205290774071,0.007204434029957161,-0.0023991437506994187,-0.002398287549375968,8.562013234505658e-07
0.12,0.031972639636548415,0.007204929853262225,-0.002399047999727102,-0.0023980960587707493,9.51940956352669e-07
0.12,0.03349044343385915,0.007205408969570547,-0.0023989554745123096,-0.0023979110204395467,1.044454072762855e-06
0.12,0.03531350210478777,0.0072060137994051,-0.002398838671089785,-0.0023976774304689122,1.1612406208725765e-06
0.12,0.036989903183969206,0.007206598246649251,-0.002398725802992125,-0.002397451712277416,1.2740907147090752e-06
0.12,0.03900345561332188,0.007207336041203393,-0.0023985833192682778,-0.002397166769940765,1.4165493275129087e-06
0.12,0.040855026009482376,0.007208048968473073,-0.002398445636578621,-0.00239689143135309,1.5542052255309788e-06
0.12,0.043078977136456705,0.007208948948287319,-0.002398271827816249,-0.0023965438511961814,1.727976620067781e-06
0.12,0.045124020518087136,0.007209818588693838,-0.002398103876327575,-0.002396207988087409,1.8958882401663366e-06
0.12,0.047580355174722054,0.007210916390888014,-0.0023978918576713863,-0.00239578400638177,2.1078512896163804e-06
0.12,0.049839087784307214,0.007211977176380045,-0.002397686985034384,-0.002395374320435563,2.3126645988208287e-06
0.12,0.05255208802617603,0.007213316261250328,-0.0023974283593766483,-0.0023948571518671792,2.5712075094690666e-06
0.12,0.05541277095325444,0.0072148050144465615,-0.0023971408218049816,-0.0023942821790101307,2.858642794850881e-06
0.12,0.058043323673594036,0.007216243545807783,-0.0023968629785153647,-0.002393726601560896,3.1363769544688787e-06
0.12,0.06120292305965891,0.007218059447152415,-0.0023965122407881624,-0.0023930252783132973,3.4869624748650255e-06
0.12,0.0641083456360382,0.007219814067428422,-0.0023961733311105337,-0.002392347621347374,3.825709763159539e-06
0.12,0.06759809564850029,0.007222028944788652,-0.0023957455099232593,-0.002391492205460007,4.253304463252422e-06
0.12,0.07080710958768673,0.0072241690423967084,-0.002395332120739859,-0.002390665668729924,4.666452009935082e-06
0.12,0.07466150809250671,0.007226870463841962,-0.002394810286901238,-0.00238962233806399,5.187948837247734e-06
0.12,0.0782058360486575,0.007229480627300394,-0.0023943060630752817,-0.0023886142499616094,5.691813113672256e-06
0.12,0.08246298563842931,0.00723277533564687,-0.0023936695751634435,-0.0023873417755960508,6.327799567392746e-06
0.12,0.08637766500686388,0.007235958667565658,-0.002393054576266912,-0.0023861123127894637,6.942263477448425e-06
0.12,0.0910796496633622,0.007239976757141438,-0.0023922782694401385,-0.0023845604452614262,7.717824178712224e-06
0.12,0.09540337894215335,0.007243858903054632,-0.002391528186822541,-0.002383061076025275,8.467110797265743e-06
0.12,0.10059668005683922,0.007248758895547309,-0.002390581385755475,-0.0023811685840197105,9.412801735764458e-06
0.12,0.10537220140017502,0.007253492938006703,-0.0023896665901199463,-0.0023793401770570545,1.0326413062891789e-05
0.12,0.11110815726522083,0.007259467945658341,-0.0023885119086143798,-0.0023770324656857598,1.147944292862e-05
0.12,0.11638267901026247,0.007265240343789723,-0.00238739629213576,-0.002374802994687323,1.2593297448436954e-05
0.12,0.12271799232238927,0.007272525545011194,-0.0023859881743175894,-0.0023719892162133173,1.399895810427201e-05
0.12,0.12854365566650547,0.007279563334466197,-0.0023846277440663114,-0.002369270976913809,1.5356767152502337e-05
0.12,0.13554095406055294,0.007288445029617278,-0.0023829106930553547,-0.002365840530196622,1.7070162858732682e-05
0.12,0.14197534850226384,0.007297024537850923,-0.00238125186393307,-0.002362526771136901,1.8725092796169004e-05
0.12,0.14970380365563726,0.007307851101688496,-0.0023791582932978835,-0.0023583450671030744,2.0813226194809145e-05
0.12,0.15681053629464786,0.007318308478769251,-0.002377135818715327,-0.00235430591767403,2.2829901041296948e-05
0.12,0.1653465477227888,0.007331503580651052,-0.0023745834497729545,-0.0023492092668374754,2.5374182935479148e-05
0.12,0.17319587204692113,0.007344247495836339,-0.002372117916822506,-0.0023442868266562596,2.7831090166246294e-05
0.12,0.18262382234945293,0.0073603260181146065,-0.00236900663086101,-0.0023380762815184575,3.0930349342552475e-05
0.12,0.1925649849234816,0.0073781901143967,-0.0023655490208249106,-0.002331175922491689,3.437309833322164e-05
0.12,0.20170642174785422,0.007395440072481295,-0.0023622094726450647,-0.0023245126752766184,3.769679736844627e-05
0.12,0.2126863492568954,0.00741719906707057,-0.0023579958572773705,-0.002316107540123747,4.1888317153623584e-05
0.12,0.22278298663835405,0.007438206652009416,-0.00235392655564369,-0.0023079924993358396,4.593405630785039e-05
0.12,0.23491022097397948,0.007464700764165156,-0.002348792801589311,-0.002297757836652177,5.103496493713425e-05
0.12,0.24606186905416627,0.007490274933093935,-0.0023438355276522767,-0.002287878310737317,5.595721691495966e-05
0.12,0.2594562937905848,0.007522521242966044,-0.002337582440627921,-0.0022754209500248906,6.216149060303024e-05
0.12,0.2717731920019339,0.007553640421095677,-0.0023315452844892347,-0.002263398678431682,6.81466060575525e-05
0.12,0.2865672175030764,0.007592867935306296,-0.002323931403717488,-0.0022482434394000767,7.568796431741114e-05
0.12,0.300171124338899,0.007630713208531297,-0.00231658189398856,-0.002233621724084853,8.296016990370697e-05
0.12,0.31651099669888033,0.0076784037950364415,-0.0023073149486801383,-0.002215195541790684,9.21194068894543e-05
0.12,0.3315363933549332,0.0077243974438643255,-0.0022983719343623327,-0.0021974242989268623,0.0001009476354354704
0.12,0.34958364011139254,0.007782333048971974,-0.002287098788593631,-0.0021750379015796615,0.00011206088701396942
0.12,0.36617905989751054,0.007838182667624306,-0.0022762229275790787,-0.002153456536583844,0.00012276639099523473
0.12,0.38611208680941295,0.007908498907552691,-0.0022625178606510256,-0.00212628363847506,0.00013623422217596583
0.12,0.4044415834730845,0.007976246971609202,-0.002249300599960536,-0.0021001017973167396,0.0001491988026437966
0.12,0.42645743814789255,0.008061492613129087,-0.0022326518233343334,-0.0020671559979655333,0.0001654958253688001
0.12,0.446702207624866,0.008143570699351597,-0.002216602824382694,-0.0020354325099504475,0.00018117031443224633
0.12,0.47101852742940326,0.00824677157222797,-0.0021963972447221376,-0.0019955424786334093,0.00020085476608872836
0.12,0.49337869905310766,0.008346057351422428,-0.002176930335317251,-0.0019571632402913567,0.00021976709502589432
0.12,0.5202358625641429,0.008470781672700097,-0.002152436768290501,-0.00190894739526929,0.00024348937302121087
0.12,0.5449324774408978,0.008590655085454627,-0.0021288547264091836,-0.0018626036385536626,0.00026625108785552094
0.12,0.574595980703588,0.008741074744114868,-0.0020992060962701196,-0.0018044465214302492,0.0002947595748398705
0.12,0.6058742224196524,0.00890712819076839,-0.0020664011910967277,-0.0017402402715490624,0.00032616091954766526
0.12,0.6346362578954489,0.00906640581065771,-0.0020348605382853,-0.001678650050965638,0.00035621048731966187
0.12,0.669182803542923,0.009265826113995304,-0.001995267061333901,-0.0016015328390892216,0.0003937342222446792
0.12,0.7009502213056863,0.009456785410796328,-0.001957244315449125,-0.0015276840250312213,0.00042956029041790376
0.12,0.7391065801895089,0.00969541903657855,-0.0019095769929665224,-0.0014353952250194255,0.0004741817679470969
0.12,0.7741934165214894,0.00992344866108207,-0.0018638680450481292,-0.0013472061157525556,0.0005166619292955735
0.12,0.8163367826955676,0.01020773693355826,-0.0018066598572481554,-0.001237260678078567,0.0005693991791695884
0.12,0.8550898879363177,0.010478683535779779,-0.001751903212607152,-0.0011324798862926717,0.0006194233263144802
0.12,0.9016368689491064,0.010815485838625308,-0.0016835138962493289,-0.0010022435571337726,0.0006812703391155563
0.12,0.9444393362787663,0.011135434553169085,-0.00161820742541971,-0.0008785430531358181,0.000739664372283892
0.12,0.9958500715402862,0.011531685912871303,-0.001536856392836425,-0.000725377316138606,0.0008114790766978189
0.12,1.0431250240408683,0.011906563571313316,-0.0014594013684942975,-0.0005805203780024049,0.0008788809904918926
0.12,1.0999077335232321,0.012368686564119291,-0.0013632400082449897,-0.0004020315531106731,0.0009612084551343166
0.12,1.1521225069548449,0.012803606825746676,-0.001272028133089136,-0.00023415042255319645,0.0010378777105359395
0.12,1.2148385151923642,0.013336572647560548,-0.0011592727943962233,-2.858813656658396e-05,0.0011306846578296394
0.12,1.2725092778331346,0.013834819918219665,-0.0010528380521704235,0.0001633845246634619,0.0012162225768338854
0.12,1.3417785628867167,0.01444072914072081,-0.000921992489059573,0.00039652480959630264,0.0013185172986558756
0.12,1.4054754181057532,0.015002259949810578,-0.0007992562941453634,0.0006122205605711948,0.0014114768547165582
0.12,1.4819827403457506,0.01567829974437148,-0.0006494594316279942,0.0008713342466995261,0.0015207936783275203
0.12,1.5523353623505516,0.016297638589750998,-0.0005101024874145895,0.0011080646150564426,0.001618167102471032
0.12,1.6368370336440763,0.0170332900418907,-0.0003416400879796952,0.0013882752671324737,0.001729915355112169
0.12,1.714540892114486,0.01769673559617259,-0.00018663240118119216,0.001639885040966879,0.0018265174421480711
0.12,1.8078722523338298,0.01847018891711523,-1.641047214219005e-06,0.0019316049682408752,0.0019332460154550942
0.12,1.8936954874760494,0.019152367904878176,0.00016605759555615935,0.002187133217595489,0.0020210756220393295
0.12,1.9967791622371711,0.019926315874190532,0.00036270448264885615,0.0024745112452006727,0.0021118067625518168
0.12,2.1054742164795943,0.020678608664254257,0.0005623327360422166,0.0027505281591805797,0.0021881954231383633
0.12,2.2054251994838086,0.02130380093815812,0.0007370409852743454,0.0029765915477234584,0.002239550562449113
0.12,2.3254779405275006,0.02195995481361839,0.00093337232018306,0.003209296102352732,0.002275923782169672
0.12,2.435872931019939,0.02246335438208982,0.0010989139997553171,0.003383100920884814,0.002284186921129497
0.12,2.568470138248514,0.022931616140766588,0.0012764154300244758,0.003538339060061508,0.002261923630037032
0.12,2.6904004440796463,0.023223901523034524,0.0014172941997449631,0.0036283078418501576,0.0022110136421051945
0.12,2.8368529049894575,0.023394004231909023,0.0015564649141957116,0.003669784022131984,0.0021133191079362726
0.12,2.971523866178508,0.02337449443216087,0.0016546183895116131,0.0036459878150287483,0.001991369425517135
0.12,3.13327933414676,0.023131790758424378,0.0017346941905361018,0.003544674164431206,0.001809979973895104
0.12,3.2820222382505175,0.022706447842622792,0.0017730055724650105,0.003389310985189948,0.0016163054127249373
0.12,3.4606797442772694,0.021959566906414714,0.0017773444570644559,0.003137518969329077,0.001360174512264621
0.12,3.624964986811199,0.02107132147152889,0.00174543929188809,0.0028581299388088354,0.0011126906469207454
0.12,3.8222906467138578,0.01979256010190834,0.0016689527939000369,0.002483749449763561,0.0008147966558635241
0.12,4.00374226672261,0.018459230718417027,0.0015697427357681038,0.0021226719620645626,0.0005529292262964587
0.12,4.221686740044587,0.016725913690030292,0.0014252631039786668,0.001693313866272592,0.0002680507622939252
0.12,4.422098474513064,0.015068857123046207,0.001278358617118609,0.0013228222070645218,4.446358994591266e-05
0.12,4.662816247736422,0.013079123645709036,0.0010966573071399374,0.0009284222550530617,-0.0001682350520868757
0.12,4.884169263547049,0.011315291659385928,0.0009341359538941613,0.0006251596074414464,-0.0003089763464527148
0.12,5.150039948232894,0.009348334023747858,0.0007540709811705402,0.0003400634140991014,-0.00041400756707143883
0.12,5.394522426958056,0.007728083846692379,0.000608323865863728,0.00014960021905101512,-0.00045872364681271284
0.12,5.688174283357251,0.006048440569633301,0.00046113488682878617,-2.040139658299493e-06,-0.00046317502648708566
0.12,5.958203052491971,0.004762159506634986,0.000352033013522873,-8.342009829757121e-05,-0.0004354531118204442
0.12,6.282538971168309,0.0035211771315763083,0.0002506163435200617,-0.00012959039027286428,-0.00038020673379292596
0.12,6.580783395638406,0.002636194044125858,0.00018118884411059367,-0.0001401727198527378,-0.0003213615639633315
0.12,6.939009593945253,0.0018394585762854855,0.00012130135281686246,-0.00013081680229168373,-0.0002521181551085462
0.12,7.316735903627646,0.0012442086962630961,7.863202438166108e-05,-0.00010963046914462405,-0.00018826249352628513
0.12,7.664075681158914,0.0008613646102358583,5.2414390262869516e-05,-8.797963856658502e-05,-0.00014039402882945454
0.12,8.081271101481827,0.0005493425788109869,3.199547385891346e-05,-6.437031799690239e-05,-9.636579185581585e-05
0.12,8.46490486160796,0.00036105261467721906,2.023152083833335e-05,-4.674502684570142e-05,-6.697654768403477e-05
0.12,8.925693570990608,0.00021680721770969794,1.162026092882548e-05,-3.0907226956361433e-05,-4.2527487885186916e-05
0.12,9.349413718894663,0.00013504773919984284,6.960325319928136e-06,-2.0690114998349968e-05,-2.7650440318278103e-05
0.12,9.858350836493353,7.615795992472117e-05,3.7525255585154062e-06,-1.2529183184804995e-05,-1.6281708743320402e-05
0.12,10.326346050680995,4.483266058232419e-05,2.1233365326738626e-06,-7.787800571945862e-06,-9.911137104619725e-06
0.12,10.888462665944173,2.365292486528532e-05,1.0704401953490633e-06,-4.339607148010487e-06,-5.4100473433595504e-06
0.12,11.405359305355669,1.3108421064570984e-05,5.699698025485478e-07,-2.509090673744751e-06,-3.0790604762932988e-06
0.12,12.026212212775315,6.437830337840468e-06,2.6734221889427394e-07,-1.2866255165860904e-06,-1.5539677354803643e-06
0.12,12.597120050580168,3.3426839117885165e-06,1.3330406915413665e-07,-6.910425599605298e-07,-8.243466291146664e-07
0.12,13.282846681291819,1.5190225943527318e-06,5.782321820198695e-08,-3.2516323020634427e-07,-3.8298644840833123e-07
0.12,13.913409417466864,7.347320791972847e-07,2.6845956146502243e-08,-1.6167228194670634e-07,-1.8851823809320858e-07
0.12,14.670788510723334,3.067817753817854e-07,1.0693809198278503e-08,-6.946363452632347e-08,-8.015744372460197e-08
0.12,15.36723956275546,1.373255639659246e-07,4.592630021545364e-09,-3.181121167464143e-08,-3.6403841696186794e-08
0.12,16.203758177041568,5.226501616853231e-08,1.6666521218832907e-09,-1.2398886676532282e-08,-1.4065538798415572e-08
0.12,16.972982300273024,2.149130383552863e-08,6.57216535442184e-10,-5.196704024545895e-09,-5.853920559988079e-09
0.12,17.896909826498213,7.388757352807429e-09,2.1533990153343944e-10,-1.8228346493883233e-09,-2.038174550921763e-09
0.12,18.74651117326146,2.7677867221127176e-09,7.732408247154097e-11,-6.939495177895812e-10,-7.712736002611222e-10
0.12,19.766981081686826,8.509735359253948e-10,2.2646678808435497e-11,-2.1702845736678122e-10,-2.3967513617521673e-10
0.12,20.705358372026563,2.877042170745295e-10,7.33660120269041e-12,-7.439418311957762e-11,-8.173078432226803e-11
0.12,21.83245850103368,7.822233867614279e-11,1.8993322214992495e-12,-2.0524326328848393e-11,-2.242365855034764e-11
0.12,22.86888804811485,2.3622980410764098e-11,5.494275933626397e-13,-6.272274316013142e-12,-6.821701909375782e-12
0.12,24.11376032736518,5.6092416685009e-12,1.2417455679888159e-13,-1.508230920574108e-12,-1.6324054773729897e-12
0.12,25.426397466384177,1.2322353692778072e-12,2.5959192981334173e-14,-3.352183138513232e-13,-3.611775068326574e-13
0.12,26.633438332109066,3.0594050174461877e-13,6.170632680432193e-15,-8.402451076928337e-14,-9.019514344971556e-14
0.12,28.08323462351637,5.743012931897145e-14,1.101935321186382e-15,-1.5933791190232514e-14,-1.7035726511418896e-14
0.12,29.416400750457523,1.2340688764542021e-14,2.266364994150281e-16,-3.4524216496743167e-15,-3.679058149089345e-15
0.12,31.01768813148436,1.947725198615718e-15,3.401810771200027e-17,-5.497505341892928e-16,-5.837686419012931e-16
0.12,32.49015851131349,3.5687398584204e-16,5.964335927374739e-18,-1.014633691816892e-16,-1.0742770510906394e-16
0.12,34.258766481849065,4.6517025186795515e-17,7.391495978883408e-19,-1.332866467366763e-17,-1.4067814271555972e-17
0.12,35.885097196123084,7.14876173774302e-18,1.086718893410659e-19,-2.061480595159619e-18,-2.1701524845006846e-18
0.12,37.838509300973534,7.544602640985222e-19,1.0901564269470693e-20,-2.1905854837103243e-19,-2.2996011264050313e-19
0.12,39.63477741503764,9.549372620029277e-20,1.3197880738994208e-21,-2.788328553368363e-20,-2.920307360758305e-20
0.12,41.79230407721851,7.983303246669272e-21,1.0485314839495514e-22,-2.3451932179302488e-21,-2.450046366325204e-21
0.12,43.77626656976965,8.156357748470015e-22,1.0244522060527578e-23,-2.4079867150354917e-22,-2.5104319356407676e-22
0.12,46.1592359833731,5.272340401783041e-23,6.291894078099729e-25,-1.564900171512947e-23,-1.6278191122939443e-23
0.12,48.35050528277872,4.2523782798197675e-24,4.852147341682765e-26,-1.2677425846740664e-24,-1.316264058090894e-24
0.12,50.98247425248283,2.0693801541575606e-25,2.2430896096995026e-27,-6.198730704141209e-26,-6.42303966511116e-26
0.12,53.40271211511652,1.2856295782588564e-26,1.3322352118710643e-28,-3.866163500697714e-27,-3.9993870218848205e-27
0.12,56.3096989265883,4.573253995874203e-28,4.501157862197626e-30,-1.3810972589566138e-28,-1.42610883757859e-28
0.12,58.982830573763884,2.129972756306899e-29,2.0038837112687855e-31,-6.454871949549827e-30,-6.655260320676706e-30
0.12,62.193572196990736,5.361287117926026e-31,4.790029561375341e-33,-1.6308607626248741e-31,-1.6787610582386277e-31
0.12,65.14602282734165,1.816790269461992e-32,1.551385785576222e-34,-5.543741494109745e-33,-5.698880072667367e-33
0.12,68.6922589954728,3.1220268471451336e-34,2.531428742359543e-36,-9.558571295906618e-35,-9.811714170142572e-35
0.12,71.9532150108154,7.448177766076138e-36,5.771347857644853e-38,-2.2867156387550653e-36,-2.344429117331514e-36
0.12,75.87000198276802,8.400744581205312e-38,6.1816840890766515e-40,-2.5869292262526595e-38,-2.648746067143426e-38
0.12,80.0,7.454949873616633e-40,5.334606841927525e-42,-2.3030606253740283e-40,-2.3564066937933038e-40
